,Unnamed: 0,Rank,City,Country,Cost of Living
0,0,1,lisbon,Portugal,3336
1,1,2,bangkok,Thailand,2094
2,2,3,canggu-bali,Indonesia,1932
3,3,4,chiang-mai,Thailand,1316
4,4,5,buenos-aires,Argentina,2027
5,5,6,madeira,Portugal,2101
6,6,7,mexico-city,Mexico,1805
7,7,8,berlin,Germany,3759
8,8,9,timisoara,Romania,1574
9,9,10,gran-canaria-canary-islands,Spain,1894
10,10,11,bengaluru,India,1275
11,11,12,cape-town,South Africa,3174
12,12,13,porto,Portugal,2986
13,13,14,medellin,Colombia,1492
14,14,15,portimao,Portugal,2170
15,15,16,penang,Malaysia,1043
16,16,17,fuerteventura-canary-islands,Spain,2260
17,17,18,kuala-lumpur,Malaysia,1772
18,18,19,lagos-algarve,Portugal,2073
19,19,20,ko-pha-ngan,Thailand,2402
20,20,21,brasov,Romania,1799
21,21,22,tenerife-canary-islands,Spain,2786
22,22,23,nairobi,Kenya,1630
23,23,24,varna,Bulgaria,1705
24,24,25,hyderabad,India,1199
25,25,26,tbilisi,Georgia,2024
26,26,27,istanbul,Turkey,2196
27,27,28,ho-chi-minh-city,Vietnam,1370
28,28,29,kathmandu,Nepal,1255
29,29,30,sofia,Bulgaria,2126
30,30,31,da-nang,Vietnam,1173
31,31,32,ubud-bali,Indonesia,1978
32,32,33,belgrade,Serbia,2474
33,33,34,warsaw,Poland,2733
34,34,35,cebu,Philippines,1517
35,35,36,delhi,India,1307
36,36,37,tallinn,Estonia,2590
37,37,38,azores,Portugal,2080
38,38,39,manila,Philippines,1737
39,39,40,seminyak-bali,Indonesia,1680
40,40,41,cluj,Romania,2224
41,41,42,davao,Philippines,1419
42,42,43,san-antonio-tx,United States,3258
43,43,44,phuket,Thailand,2970
44,44,45,krakow,Poland,2400
45,45,46,seseh-bali,Indonesia,507
46,46,47,guadalajara,Mexico,1622
47,47,48,perth,Australia,3834
48,48,49,luang-prabang,Laos,1315
49,49,50,atlanta-ga,United States,3554
50,50,51,brno,Czechia,2343
51,51,52,ploiesti,Romania,1595
52,52,53,mallorca,Spain,2769
53,53,54,zagreb,Croatia,2679
54,54,55,zadar,Croatia,2283
55,55,56,dresden,Germany,3168
56,56,57,lima,Peru,1435
57,57,58,dallas-tx,United States,3674
58,58,59,constanta,Romania,1978
59,59,60,plovdiv,Bulgaria,2047
60,60,61,munich,Germany,4011
61,61,62,puerto-escondido,Mexico,1740
62,62,63,antalya,Turkey,2071
63,63,64,barcelona,Spain,3987
64,64,65,austin-tx,United States,4071
65,65,66,tampa-fl,United States,3746
66,66,67,prague,Czechia,3121
67,67,68,cuenca,Ecuador,1846
68,68,69,taghazout,Morocco,1558
69,69,70,palawan,Philippines,1478
70,70,71,bucharest,Romania,1925
71,71,72,phu-quoc,Vietnam,1445
72,72,73,hanoi,Vietnam,1145
73,73,74,gdansk,Poland,2350
74,74,75,london,United Kingdom,5328
75,75,76,nis,Serbia,1428
76,76,77,ericeira,Portugal,3771
77,77,78,havana,Cuba,1951
78,78,79,skopje,North Macedonia,1254
79,79,80,playa-del-carmen,Mexico,2758
80,80,81,monterrey,Mexico,1597
81,81,82,krabi,Thailand,1928
82,82,83,queretaro,Mexico,1809
83,83,84,cancun,Mexico,2292
84,84,85,siem-reap,Cambodia,1605
85,85,86,haikou,China,1572
86,86,87,port-louis,Mauritius,2505
87,87,88,wroclaw,Poland,2540
88,88,89,amritsar,India,1101
89,89,90,jakarta,Indonesia,1498
90,90,91,hoi-an,Vietnam,1054
91,91,92,novi-sad,Serbia,2146
92,92,93,seoul,South Korea,3016
93,93,94,mumbai,India,1855
94,94,95,pokhara,Nepal,927
95,95,96,antigua,Guatemala,1708
96,96,97,oaxaca,Mexico,1926
97,97,98,leipzig,Germany,2914
98,98,99,jodhpur,India,1328
99,99,100,bratislava,Slovakia,2471
100,100,101,busan,South Korea,2659
101,101,102,makati,Philippines,1991
102,102,103,braga,Portugal,2108
103,103,104,sao-paulo,Brazil,2251
104,104,105,new-york-city-ny,United States,6483
105,105,106,athens,Greece,3818
106,106,107,agra,India,969
107,107,108,colombo,Sri Lanka,1389
108,108,109,phnom-penh,Cambodia,1612
109,109,110,johannesburg,South Africa,2787
110,110,111,ljubljana,Slovenia,3978
111,111,112,taipei,Taiwan,2888
112,112,113,mostar,Bosnia,2022
113,113,114,siargao,Philippines,1583
114,114,115,marrakesh,Morocco,2722
115,115,116,jaipur,India,1112
116,116,117,dubrovnik,Croatia,2717
117,117,118,senggigi-lombok,Indonesia,909
118,118,119,stockholm,Sweden,3992
119,119,120,salt-lake-city-ut,United States,3263
120,120,121,sydney,Australia,5570
121,121,122,poznan,Poland,2293
122,122,123,mysore,India,1350
123,123,124,galapagos-islands,Ecuador,1838
124,124,125,bansko,Bulgaria,2617
125,125,126,seville,Spain,3036
126,126,127,szczecin,Poland,2168
127,127,128,goa,India,1297
128,128,129,rio-de-janeiro,Brazil,2498
129,129,130,cordoba,Argentina,1571
130,130,131,toronto,Canada,4305
131,131,132,sarajevo,Bosnia,2347
132,132,133,tucson-az,United States,3723
133,133,134,split,Croatia,3349
134,134,135,vancouver,Canada,4171
135,135,136,minneapolis-mn,United States,3902
136,136,137,nha-trang,Vietnam,1242
137,137,138,kota-kinabalu,Malaysia,1764
138,138,139,faro,Portugal,1996
139,139,140,general-santos,Philippines,1557
140,140,141,hamburg,Germany,3988
141,141,142,portland-or,United States,3980
142,142,143,aveiro,Portugal,2635
143,143,144,nakhon-ratchasima,Thailand,1235
144,144,145,melbourne,Australia,5342
145,145,146,arugam-bay,Sri Lanka,893
146,146,147,guangzhou,China,1704
147,147,148,groningen,Netherlands,4235
148,148,149,porto-alegre,Brazil,1659
149,149,150,galle,Sri Lanka,1665
150,150,151,lublin,Poland,1707
151,151,152,kanpur,India,1350
152,152,153,singapore,Singapore,5493
153,153,154,yerevan,Armenia,2304
154,154,155,rijeka,Croatia,1865
155,155,156,amsterdam,Netherlands,6397
156,156,157,la-plata,Argentina,1664
157,157,158,beaumont-tx,United States,2661
158,158,159,riga,Latvia,2503
159,159,160,merida,Mexico,1621
160,160,161,noida,India,1288
161,161,162,costa-da-caparica,Portugal,3451
162,162,163,ko-samui,Thailand,1937
163,163,164,quito,Ecuador,2235
164,164,165,kuching,Malaysia,1789
165,165,166,brownsville-tx,United States,2754
166,166,167,burgas,Bulgaria,2438
167,167,168,beirut,Lebanon,2633
168,168,169,vilnius,Lithuania,3156
169,169,170,san-diego-ca,United States,4616
170,170,171,lucknow,India,840
171,171,172,kandy,Sri Lanka,1000
172,172,173,chisinau,Moldova,1912
173,173,174,dubai,United Arab Emirates,3866
174,174,175,ahmedabad,India,1250
175,175,176,adana,Turkey,1328
176,176,177,madurai,India,1263
177,177,178,harlingen-tx,United States,2805
178,178,179,gainesville-fl,United States,3061
179,179,180,kaohsiung,Taiwan,2630
180,180,181,pristina,Kosovo,2083
181,181,182,winnipeg,Canada,3221
182,182,183,copenhagen,Denmark,5976
183,183,184,izmir,Turkey,1416
184,184,185,jeju-island,South Korea,2278
185,185,186,johor-bahru,Malaysia,1352
186,186,187,hubli,India,853
187,187,188,valencia,Spain,3922
188,188,189,harare,Zimbabwe,2603
189,189,190,tyler-tx,United States,2873
190,190,191,kochi,India,1053
191,191,192,jimbaran-bali,Indonesia,1218
192,192,193,lubbock-tx,United States,2819
193,193,194,el-jadida,Morocco,1273
194,194,195,tampere,Finland,4172
195,195,196,paramaribo,Suriname,1982
196,196,197,craiova,Romania,1548
197,197,198,changzhou,China,1404
198,198,199,fayetteville-nc,United States,2813
199,199,200,auckland,New Zealand,5150
200,200,201,ipoh,Malaysia,1416
201,201,202,kozhikode,India,1125
202,202,203,san-miguel-de-allende,Mexico,2765
203,203,204,bareilly,India,907
204,204,205,lodz,Poland,2169
205,205,206,san-jose,Costa Rica,2711
206,206,207,surrey,Canada,3320
207,207,208,vadodara,India,2053
208,208,209,malappuram,India,717
209,209,210,grande-prairie,Canada,2862
210,210,211,la-paz,Mexico,1397
211,211,212,santiago,Chile,2113
212,212,213,bandung,Indonesia,1279
213,213,214,helsinki,Finland,4460
214,214,215,la-union,Philippines,2086
215,215,216,mcallen-tx,United States,2940
216,216,217,pai,Thailand,1451
217,217,218,honolulu-hawaii,United States,8828
218,218,219,thrissur,India,1156
219,219,220,chiang-rai,Thailand,1340
220,220,221,almaty,Kazakhstan,2038
221,221,222,alicante,Spain,3923
222,222,223,malacca,Malaysia,1501
223,223,224,louisville-ky,United States,3126
224,224,225,nagpur,India,1586
225,225,226,vijayawada,India,1186
226,226,227,kalyan,India,1196
227,227,228,tirana,Albania,1910
228,228,229,las-vegas-nv,United States,5476
229,229,230,pretoria,South Africa,2345
230,230,231,malmo,Sweden,3193
231,231,232,lake-balaton,Hungary,2132
232,232,233,nashville-tn,United States,4378
233,233,234,waterloo-ia,United States,2880
234,234,235,laredo-tx,United States,3021
235,235,236,tashkent,Uzbekistan,1458
236,236,237,paphos,Cyprus,3315
237,237,238,osijek,Croatia,2045
238,238,239,tokyo,Japan,4073
239,239,240,regina,Canada,3147
240,240,241,los-angeles-ca,United States,5101
241,241,242,cartagena,Colombia,1673
242,242,243,aurangabad,India,1409
243,243,244,youngstown-oh,United States,2747
244,244,245,sanur-bali,Indonesia,1111
245,245,246,da-lat,Vietnam,1069
246,246,247,ludhiana,India,837
247,247,248,davenport-ia,United States,2703
248,248,249,menorca-menorca,Spain,2593
249,249,250,visakhapatnam,India,1106
250,250,251,buffalo-ny,United States,3267
251,251,252,gurgaon,India,1585
252,252,253,hermosillo,Mexico,1563
253,253,254,pattaya,Thailand,1719
254,254,255,florianopolis,Brazil,2821
255,255,256,guanajuato,Mexico,2432
256,256,257,coimbra,Portugal,3223
257,257,258,luxor,Egypt,1032
258,258,259,jamshedpur,India,961
259,259,260,iasi,Romania,1919
260,260,261,conroe-tx,United States,3091
261,261,262,hong-kong,Hong Kong,3875
262,262,263,asuncion,Paraguay,1523
263,263,264,fortaleza,Brazil,1584
264,264,265,bowling-green-ky,United States,2958
265,265,266,kota,India,986
266,266,267,columbus-oh,United States,3220
267,267,268,turku,Finland,3016
268,268,269,longview-tx,United States,3091
269,269,270,chittagong,Bangladesh,1205
270,270,271,calgary,Canada,3568
271,271,272,moradabad,India,1043
272,272,273,chandigarh,India,1392
273,273,274,bogota,Colombia,1345
274,274,275,madison-wi,United States,3317
275,275,276,pocatello-id,United States,2935
276,276,277,baguio,Philippines,2047
277,277,278,meerut,India,1726
278,278,279,medan-sumatra,Indonesia,894
279,279,280,gwalior,India,842
280,280,281,battle-creek-mi,United States,2755
281,281,282,killeen-tx,United States,3096
282,282,283,aachen,Germany,3238
283,283,284,syracuse-ny,United States,3060
284,284,285,minca,Colombia,1725
285,285,286,jonesboro-ar,United States,2892
286,286,287,malang,Indonesia,1080
287,287,288,aligarh,India,1290
288,288,289,banja-luka,Bosnia,1685
289,289,290,ankara,Turkey,1280
290,290,291,columbus-ga,United States,3138
291,291,292,wellington,New Zealand,4975
292,292,293,chatham,Canada,3067
293,293,294,amed-bali,Indonesia,1369
294,294,295,port-elizabeth,South Africa,2289
295,295,296,arequipa,Peru,1038
296,296,297,hue,Vietnam,1091
297,297,298,lancaster-ca,United States,3107
298,298,299,jabalpur,India,1249
299,299,300,quebec-city,Canada,3543
300,300,301,cincinnati-oh,United States,3176
301,301,302,boston-ma,United States,5638
302,302,303,pekanbaru-sumatra,Indonesia,973
303,303,304,mcleod-ganj,India,1217
304,304,305,patna,India,1075
305,305,306,livingstone,Zambia,2050
306,306,307,varkala,India,1085
307,307,308,albuquerque-nm,United States,3176
308,308,309,dothan-al,United States,2975
309,309,310,tirupur,India,819
310,310,311,bryan-tx,United States,3215
311,311,312,lagos,Nigeria,1897
312,312,313,port-arthur-tx,United States,3178
313,313,314,gothenburg,Sweden,3471
314,314,315,lincoln-ne,United States,2903
315,315,316,amarillo-tx,United States,2849
316,316,317,surabaya,Indonesia,1010
317,317,318,rosario,Argentina,1694
318,318,319,kitchener,Canada,3737
319,319,320,jacksonville-nc,United States,3186
320,320,321,indianapolis-in,United States,3616
321,321,322,kampala,Uganda,1635
322,322,323,langkawi,Malaysia,1879
323,323,324,las-cruces-nm,United States,3122
324,324,325,houston-tx,United States,3673
325,325,326,tainan,Taiwan,2951
326,326,327,queenstown,New Zealand,6413
327,327,328,matara,Sri Lanka,1762
328,328,329,wichita-ks,United States,2932
329,329,330,la-paz,Bolivia,1325
330,330,331,roanoke-va,United States,3112
331,331,332,flint-mi,United States,2798
332,332,333,kokomo-in,United States,2858
333,333,334,goiania,Brazil,1645
334,334,335,mui-ne,Vietnam,1091
335,335,336,suva,Fiji,3038
336,336,337,santo-domingo,Dominican Republic,1922
337,337,338,rajkot,India,1578
338,338,339,saskatoon,Canada,3366
339,339,340,leiden,Netherlands,5263
340,340,341,coimbatore,India,1192
341,341,342,denver-co,United States,4705
342,342,343,bossier-city-la,United States,3125
343,343,344,denpasar-bali,Indonesia,879
344,344,345,victorville-ca,United States,3183
345,345,346,north-little-rock-ar,United States,2977
346,346,347,guwahati,India,1250
347,347,348,washington-dc,United States,5000
348,348,349,new-orleans-la,United States,5472
349,349,350,edinburg-tx,United States,3268
350,350,351,cirebon,Indonesia,916
351,351,352,ko-lanta,Thailand,1907
352,352,353,macon-ga,United States,3037
353,353,354,cairo,Egypt,1044
354,354,355,lawton-ok,United States,2961
355,355,356,tunis,Tunisia,1858
356,356,357,yogyakarta,Indonesia,1501
357,357,358,rochester-ny,United States,3380
358,358,359,richmond-va,United States,3196
359,359,360,christchurch,New Zealand,4162
360,360,361,montpellier,France,3375
361,361,362,curitiba,Brazil,1423
362,362,363,valdosta-ga,United States,3203
363,363,364,bedford-oh,United States,3590
364,364,365,el-gouna,Egypt,4020
365,365,366,palembang-sumatra,Indonesia,1199
366,366,367,ramallah,Palestine,2044
367,367,368,jacksonville-fl,United States,3623
368,368,369,nuremberg,Germany,3507
369,369,370,gili-air,Indonesia,1497
370,370,371,pharr-tx,United States,3242
371,371,372,daegu,South Korea,2170
372,372,373,seattle-wa,United States,5012
373,373,374,mission-tx,United States,3304
374,374,375,kolkata,India,1154
375,375,376,odessa-tx,United States,3076
376,376,377,lahore,Pakistan,1084
377,377,378,fes,Morocco,1712
378,378,379,srinagar,India,1133
379,379,380,temple-tx,United States,3299
380,380,381,sa-pa,Vietnam,1291
381,381,382,waco-tx,United States,3264
382,382,383,palmdale-ca,United States,3306
383,383,384,cochabamba,Bolivia,1194
384,384,385,salem-or,United States,3146
385,385,386,aguascalientes,Mexico,1595
386,386,387,chico-ca,United States,3268
387,387,388,frankfurt,Germany,4051
388,388,389,huizhou,China,1261
389,389,390,windsor,Canada,3702
390,390,391,raleigh-nc,United States,3508
391,391,392,victoria,Canada,4607
392,392,393,muncie-in,United States,3058
393,393,394,gaziantep,Turkey,1395
394,394,395,windhoek,Namibia,2060
395,395,396,burlington-nc,United States,3272
396,396,397,norfolk-va,United States,3249
397,397,398,giza,Egypt,1272
398,398,399,tijuana,Mexico,1836
399,399,400,naha-okinawa,Japan,3360
400,400,401,durg,India,2077
401,401,402,madrid,Spain,4269
402,402,403,panama-city,Panama,2661
403,403,404,udon-thani,Thailand,1084
404,404,405,dakar,Senegal,1898
405,405,406,yuma-az,United States,3359
406,406,407,des-moines-ia,United States,3519
407,407,408,huaibei,China,1844
408,408,409,miami-fl,United States,7284
409,409,410,santa-cruz,Bolivia,1268
410,410,411,gori,Georgia,1557
411,411,412,pittsburgh-pa,United States,3773
412,412,413,lethbridge,Canada,3966
413,413,414,batumi,Georgia,2631
414,414,415,delano-ca,United States,3362
415,415,416,makassar,Indonesia,899
416,416,417,chattanooga-tn,United States,3460
417,417,418,surakarta,Indonesia,961
418,418,419,san-cristobal-de-las-casas,Mexico,1854
419,419,420,asheville-nc,United States,3644
420,420,421,semarang,Indonesia,1069
421,421,422,jiaxing,China,1417
422,422,423,khulna,Bangladesh,1914
423,423,424,fort-smith-ar,United States,3212
424,424,425,mataram-lombok,Indonesia,1190
425,425,426,kansas-city-mo,United States,3590
426,426,427,bethlehem-pa,United States,3294
427,427,428,fargo-nd,United States,3310
428,428,429,edinburgh,United Kingdom,5223
429,429,430,rishikesh,India,1175
430,430,431,joplin-mo,United States,3155
431,431,432,tulsa-ok,United States,3491
432,432,433,bismarck-nd,United States,3225
433,433,434,surat,India,2231
434,434,435,palm-coast-fl,United States,3404
435,435,436,oklahoma-city-ok,United States,3306
436,436,437,kannur,India,2020
437,437,438,cologne,Germany,3574
438,438,439,chicago-il,United States,4887
439,439,440,jinan,China,1342
440,440,441,ocala-fl,United States,3433
441,441,442,rocky-mount-nc,United States,3320
442,442,443,cusco,Peru,1875
443,443,444,cedar-rapids-ia,United States,3328
444,444,445,tangier,Morocco,2122
445,445,446,evansville-in,United States,3141
446,446,447,natal,Brazil,1863
447,447,448,ko-tao,Thailand,2138
448,448,449,birmingham-al,United States,3716
449,449,450,guatemala-city,Guatemala,1424
450,450,451,malaga,Spain,3482
451,451,452,varanasi,India,2043
452,452,453,ibadan,Nigeria,1473
453,453,454,kaduna,Nigeria,1558
454,454,455,huaian,China,1331
455,455,456,guiyang,China,1285
456,456,457,victoria-tx,United States,3552
457,457,458,dongying,China,1427
458,458,459,bhubaneswar,India,1026
459,459,460,newcastle-upon-tyne,United Kingdom,5163
460,460,461,albany-or,United States,3424
461,461,462,daejeon,South Korea,2191
462,462,463,lafayette-la,United States,3525
463,463,464,chania-crete,Greece,3647
464,464,465,tartu,Estonia,3312
465,465,466,elkhart-in,United States,3333
466,466,467,constantine,Algeria,1503
467,467,468,benin-city,Nigeria,1613
468,468,469,porterville-ca,United States,3436
469,469,470,hohhot,China,1576
470,470,471,mombasa,Kenya,1690
471,471,472,oulu,Finland,3136
472,472,473,minot-nd,United States,3323
473,473,474,johnson-city-tn,United States,3392
474,474,475,enid-ok,United States,3298
475,475,476,huainan,China,1518
476,476,477,kingsport-tn,United States,3433
477,477,478,uluwatu-bali,Indonesia,2260
478,478,479,owensboro-ky,United States,3266
479,479,480,graz,Austria,3288
480,480,481,kollam,India,2242
481,481,482,fresno-ca,United States,3396
482,482,483,colorado-springs-co,United States,3544
483,483,484,reykjavik,Iceland,6854
484,484,485,aurora-il,United States,3423
485,485,486,bath,United Kingdom,5922
486,486,487,vasai,India,1722
487,487,488,alexandria,Egypt,1477
488,488,489,katowice,Poland,2912
489,489,490,casablanca,Morocco,2157
490,490,491,apia,Samoa,2856
491,491,492,gwangju,South Korea,2187
492,492,493,kosice,Slovakia,2939
493,493,494,kuta-bali,Indonesia,1344
494,494,495,san-luis-potosi,Mexico,1823
495,495,496,jiamusi,China,1416
496,496,497,intag-valley,Ecuador,1426
497,497,498,providence-ri,United States,3808
498,498,499,fort-wayne-in,United States,3335
499,499,500,abbotsford,Canada,3783
500,500,501,aberdeen,United Kingdom,6643
501,501,502,terre-haute-in,United States,3255
502,502,503,billings-mt,United States,3200
503,503,504,el-alto,Bolivia,1155
504,504,505,springdale-ar,United States,3484
505,505,506,montreal,Canada,4214
506,506,507,dahab,Egypt,1304
507,507,508,decatur-il,United States,3178
508,508,509,shantou,China,1283
509,509,510,hagen,Germany,3019
510,510,511,san-francisco-ca,United States,6395
511,511,512,alanya,Turkey,2236
512,512,513,shreveport-la,United States,3505
513,513,514,amman,Jordan,2369
514,514,515,karlsruhe,Germany,3143
515,515,516,stuttgart,Germany,3835
516,516,517,leicester,United Kingdom,4081
517,517,518,erie-pa,United States,3474
518,518,519,idaho-falls-id,United States,3407
519,519,520,lianyungang,China,1418
520,520,521,montgomery-al,United States,3486
521,521,522,vientiane,Laos,991
522,522,523,jena,Germany,3155
523,523,524,reading-pa,United States,3592
524,524,525,panajachel,Guatemala,1545
525,525,526,birmingham,United Kingdom,3906
526,526,527,oregon-city-or,United States,3440
527,527,528,antananarivo,Madagascar,1472
528,528,529,campinas,Brazil,1741
529,529,530,willemstad,Cura√ßao,4020
530,530,531,northampton,United Kingdom,3411
531,531,532,college-station-tx,United States,3767
532,532,533,bucaramanga,Colombia,1498
533,533,534,fredericton,Canada,3542
534,534,535,virginia-beach-va,United States,3713
535,535,536,belem,Brazil,2039
536,536,537,belo-horizonte,Brazil,1426
537,537,538,kaunas,Lithuania,2437
538,538,539,huntsville-al,United States,3461
539,539,540,spokane-valley-wa,United States,3395
540,540,541,beijing,China,2732
541,541,542,rotterdam,Netherlands,5172
542,542,543,modesto-ca,United States,3421
543,543,544,dubuque-ia,United States,3561
544,544,545,ashland-or,United States,3542
545,545,546,agadir,Morocco,2062
546,546,547,brisbane,Australia,5494
547,547,548,st.-cloud-mn,United States,3549
548,548,549,jilin,China,1732
549,549,550,budapest,Hungary,4361
550,550,551,bremen,Germany,3199
551,551,552,rzeszow,Poland,2196
552,552,553,durban,South Africa,2562
553,553,554,st.-louis-mo,United States,3794
554,554,555,rogers-ar,United States,3512
555,555,556,corpus-christi-tx,United States,3755
556,556,557,taichung,Taiwan,2122
557,557,558,rabat,Morocco,2189
558,558,559,grand-rapids-mi,United States,3915
559,559,560,puebla,Mexico,2055
560,560,561,utica-ny,United States,3516
561,561,562,georgetown,Guyana,2558
562,562,563,liberia,Costa Rica,1927
563,563,564,turlock-ca,United States,3558
564,564,565,podgorica,Montenegro,2194
565,565,566,rochester-mn,United States,3689
566,566,567,casper-wy,United States,3555
567,567,568,toluca,Mexico,1439
568,568,569,grand-junction-co,United States,3444
569,569,570,leon,Nicaragua,1368
570,570,571,cixi,China,1950
571,571,572,quanzhou,China,1562
572,572,573,dublin,Ireland,5056
573,573,574,patras,Greece,2925
574,574,575,changshu,China,1792
575,575,576,kigali,Rwanda,2167
576,576,577,lyon,France,3793
577,577,578,vang-vieng,Laos,1208
578,578,579,sioux-falls-sd,United States,3576
579,579,580,lawrence-ks,United States,3581
580,580,581,hua-hin,Thailand,2484
581,581,582,baku,Azerbaijan,1638
582,582,583,oshawa,Canada,4065
583,583,584,barranquilla,Colombia,1486
584,584,585,dongguan,China,1888
585,585,586,reno-nv,United States,3682
586,586,587,shanghai,China,3380
587,587,588,lille,France,4479
588,588,589,conway-ar,United States,3476
589,589,590,bishkek,Kyrgyzstan,1291
590,590,591,zhanjiang,China,1302
591,591,592,limassol,Cyprus,3878
592,592,593,weifang,China,1304
593,593,594,eau-claire-wi,United States,3729
594,594,595,liuzhou,China,1709
595,595,596,port-harcourt,Nigeria,1420
596,596,597,suwon,South Korea,2511
597,597,598,cozumel,Mexico,2499
598,598,599,toledo-oh,United States,3666
599,599,600,brazzaville,Congo,1884
600,600,601,jiangmen,China,1999
601,601,602,high-point-nc,United States,3743
602,602,603,st.-joseph-mo,United States,3472
603,603,604,astana,Kazakhstan,1746
604,604,605,springfield-il,United States,3375
605,605,606,kenosha-wi,United States,3591
606,606,607,knoxville-tn,United States,3797
607,607,608,nottingham,United Kingdom,4020
608,608,609,clarksville-tn,United States,3558
609,609,610,oakland-ca,United States,4134
610,610,611,guayaquil,Ecuador,1668
611,611,612,pasto,Colombia,1549
612,612,613,bahawalpur,Pakistan,859
613,613,614,visalia-ca,United States,3699
614,614,615,liverpool,United Kingdom,4437
615,615,616,pune,India,2722
616,616,617,hesperia-ca,United States,3654
617,617,618,st.-catharines,Canada,3965
618,618,619,oslo,Norway,5069
619,619,620,jyvaskyla,Finland,3610
620,620,621,greensboro-nc,United States,3686
621,621,622,scranton-pa,United States,3648
622,622,623,taiyuan,China,1299
623,623,624,anyang,China,1786
624,624,625,ao-nang,Thailand,2119
625,625,626,recife,Brazil,2181
626,626,627,zurich,Switzerland,6842
627,627,628,boulder-co,United States,4358
628,628,629,bloomington-in,United States,3718
629,629,630,bakersfield-ca,United States,3748
630,630,631,asansol,India,2357
631,631,632,cleveland-oh,United States,3991
632,632,633,port-said,Egypt,1481
633,633,634,bandar-seri-begawan,Brunei,2195
634,634,635,apple-valley-ca,United States,3733
635,635,636,gulfport-ms,United States,3868
636,636,637,uberlandia,Brazil,1459
637,637,638,boise-id,United States,3955
638,638,639,wichita-falls-tx,United States,3712
639,639,640,boracay,Philippines,2481
640,640,641,topeka-ks,United States,3472
641,641,642,lodi-ca,United States,3579
642,642,643,provo-ut,United States,4003
643,643,644,bridgeport-ct,United States,3965
644,644,645,nanaimo,Canada,3903
645,645,646,geneva,Switzerland,6574
646,646,647,shijiazhuang,China,1271
647,647,648,hannover,Germany,3729
648,648,649,palm-bay-fl,United States,3816
649,649,650,zhongshan,China,1633
650,650,651,tel-aviv,Israel,5606
651,651,652,salta,Argentina,2669
652,652,653,boumerdas,Algeria,1609
653,653,654,moncton,Canada,4288
654,654,655,manchester,United Kingdom,4331
655,655,656,ko-chang,Thailand,1934
656,656,657,fukuoka,Japan,3771
657,657,658,little-rock-ar,United States,3646
658,658,659,augusta-ga,United States,3842
659,659,660,nanning,China,1831
660,660,661,anchorage-ak,United States,3869
661,661,662,mar-del-plata,Argentina,2422
662,662,663,barrie,Canada,3805
663,663,664,bridgeton-mo,United States,3800
664,664,665,rockford-il,United States,3522
665,665,666,chachapoyas,Peru,1320
666,666,667,sargodha,Pakistan,1383
667,667,668,la-crosse-wi,United States,3862
668,668,669,multan,Pakistan,1744
669,669,670,tangshan,China,1359
670,670,671,charlotte-nc,United States,4044
671,671,672,ann-arbor-mi,United States,3901
672,672,673,xi-an,China,1387
673,673,674,great-falls-mt,United States,3712
674,674,675,indore,India,2097
675,675,676,zhengzhou,China,1460
676,676,677,hoover-al,United States,3999
677,677,678,allahabad,India,2408
678,678,679,zhoukou,China,1798
679,679,680,oxnard-ca,United States,4173
680,680,681,bodrum,Turkey,2484
681,681,682,helena-mt,United States,3759
682,682,683,abilene-tx,United States,3873
683,683,684,maracaibo,Venezuela,1496
684,684,685,pueblo-co,United States,3613
685,685,686,chennai,India,2407
686,686,687,salento,Colombia,1308
687,687,688,yantai,China,1551
688,688,689,budva,Montenegro,2523
689,689,690,algiers,Algeria,1906
690,690,691,luton,United Kingdom,4349
691,691,692,anderson-in,United States,3535
692,692,693,appleton-wi,United States,3835
693,693,694,utrecht,Netherlands,4588
694,694,695,lake-como,Italy,2856
695,695,696,corvallis-or,United States,3877
696,696,697,managua,Nicaragua,1668
697,697,698,banjul,Gambia,1388
698,698,699,konya,Turkey,1553
699,699,700,yakima-wa,United States,3675
700,700,701,urumqi,China,1710
701,701,702,toulouse,France,3250
702,702,703,campos-dos-goytacazes,Brazil,1673
703,703,704,changchun,China,1996
704,704,705,jackson-tn,United States,3701
705,705,706,abuja,Nigeria,2119
706,706,707,olympia-wa,United States,3833
707,707,708,lubumbashi,DR Congo,1995
708,708,709,tulare-ca,United States,3933
709,709,710,thessaloniki,Greece,4166
710,710,711,erlangen,Germany,3544
711,711,712,eugene-or,United States,3857
712,712,713,brasilia,Brazil,2295
713,713,714,a-coruna,Spain,2946
714,714,715,waukegan-il,United States,3909
715,715,716,iowa-city-ia,United States,3897
716,716,717,javea,Spain,4297
717,717,718,linyi,China,1111
718,718,719,san-salvador,El Salvador,1849
719,719,720,san-juan-del-sur,Nicaragua,2352
720,720,721,kisangani,DR Congo,1781
721,721,722,nijmegen,Netherlands,4220
722,722,723,ouagadougou,Burkina Faso,1563
723,723,724,carson-city-nv,United States,3812
724,724,725,pensacola-fl,United States,3962
725,725,726,klaipeda,Lithuania,2579
726,726,727,rapid-city-sd,United States,3627
727,727,728,peoria-il,United States,3730
728,728,729,kumasi,Ghana,1143
729,729,730,cordoba,Spain,3379
730,730,731,hangzhou,China,1577
731,731,732,auburn-al,United States,4132
732,732,733,janesville-wi,United States,3871
733,733,734,bocas-del-toro,Panama,2823
734,734,735,taizhou,China,1663
735,735,736,zunyi,China,1444
736,736,737,baton-rouge-la,United States,3703
737,737,738,joliet-il,United States,4060
738,738,739,lansing-mi,United States,3784
739,739,740,casa-grande-az,United States,4071
740,740,741,portsmouth,United Kingdom,4351
741,741,742,wilmington-nc,United States,4158
742,742,743,omaha-ne,United States,3880
743,743,744,raipur,India,2655
744,744,745,lexington-ky,United States,3831
745,745,746,grand-forks-nd,United States,3796
746,746,747,baoding,China,1266
747,747,748,gujranwala,Pakistan,1491
748,748,749,st.-george-ut,United States,4019
749,749,750,merced-ca,United States,3908
750,750,751,yuba-city-ca,United States,3820
751,751,752,granada,Spain,3373
752,752,753,ranchi,India,2306
753,753,754,cheyenne-wy,United States,3875
754,754,755,rawalpindi,Pakistan,1164
755,755,756,nanyang,China,1249
756,756,757,niamey,Niger,2016
757,757,758,palermo,Italy,4585
758,758,759,luoyang,China,1858
759,759,760,lome,Togo,1093
760,760,761,coventry,United Kingdom,4257
761,761,762,bend-or,United States,4080
762,762,763,nukualofa,Tonga,2855
763,763,764,sao-luis,Brazil,1925
764,764,765,mobile-al,United States,3998
765,765,766,columbia-mo,United States,3845
766,766,767,yinchuan,China,1557
767,767,768,bournemouth,United Kingdom,4419
768,768,769,praia,Cape Verde,2531
769,769,770,scottsdale-az,United States,4341
770,770,771,wuhu,China,1512
771,771,772,medford-or,United States,3997
772,772,773,maracay,Venezuela,1760
773,773,774,dhaka,Bangladesh,1684
774,774,775,vienna,Austria,5016
775,775,776,handan,China,1538
776,776,777,mamaia,Romania,3592
777,777,778,islamabad,Pakistan,1729
778,778,779,bellingham-wa,United States,4187
779,779,780,zaria,Nigeria,903
780,780,781,huambo,Angola,1630
781,781,782,fuzhou,China,2302
782,782,783,jundiai,Brazil,1868
783,783,784,kunshan,China,2206
784,784,785,lanzhou,China,1885
785,785,786,port-st.-lucie-fl,United States,4284
786,786,787,la-serena,Chile,2670
787,787,788,aalborg,Denmark,4154
788,788,789,manchester-nh,United States,4212
789,789,790,shaoxing,China,1691
790,790,791,sharjah,United Arab Emirates,3374
791,791,792,venice,Italy,6842
792,792,793,warner-robins-ga,United States,3987
793,793,794,duhok,Kurdistan,2584
794,794,795,datong,China,2298
795,795,796,mendoza,Argentina,2592
796,796,797,essaouira,Morocco,1715
797,797,798,espoo,Finland,4298
798,798,799,soweto,South Africa,1993
799,799,800,caye-caulker,Belize,3779
800,800,801,kirkuk,Kurdistan,1849
801,801,802,guelph,Canada,4179
802,802,803,lusaka,Zambia,2066
803,803,804,kearney-ne,United States,3883
804,804,805,cali,Colombia,1413
805,805,806,yangshuo,China,1971
806,806,807,milwaukee-wi,United States,4256
807,807,808,glasgow,United Kingdom,4849
808,808,809,allentown-pa,United States,4027
809,809,810,enterprise-nv,United States,4179
810,810,811,qinhuangdao,China,1781
811,811,812,ushuaia,Argentina,2907
812,812,813,cody-wy,United States,3995
813,813,814,hemet-ca,United States,4241
814,814,815,dili,East Timor,2055
815,815,816,nanchang,China,1142
816,816,817,oran,Algeria,1809
817,817,818,anapolis,Brazil,2004
818,818,819,stockton-ca,United States,3940
819,819,820,harbin,China,1754
820,820,821,karachi,Pakistan,1270
821,821,822,vitoria,Brazil,1999
822,822,823,ghent,Belgium,3927
823,823,824,wenling,China,1610
824,824,825,qiqihar,China,1719
825,825,826,xining,China,1518
826,826,827,kano,Nigeria,2341
827,827,828,cork,Ireland,4657
828,828,829,zibo,China,1584
829,829,830,nicosia,Cyprus,3554
830,830,831,nantes,France,3399
831,831,832,fairfield-ca,United States,3997
832,832,833,lynchburg-va,United States,4081
833,833,834,putian,China,1990
834,834,835,thane,India,2916
835,835,836,bhopal,India,2333
836,836,837,abidjan,Cote d'Ivoire,2138
837,837,838,normal-il,United States,3954
838,838,839,douala,Cameroon,1613
839,839,840,phoenix-az,United States,4439
840,840,841,puerto-vallarta,Mexico,3682
841,841,842,kotor,Montenegro,3304
842,842,843,thiruvananthapuram,India,2952
843,843,844,nashik,India,2843
844,844,845,pamplona,Spain,3514
845,845,846,leeuwarden,Netherlands,4054
846,846,847,pyongyang,North Korea,2039
847,847,848,bristol,United Kingdom,5190
848,848,849,schenectady-ny,United States,4111
849,849,850,nashua-nh,United States,4186
850,850,851,shenyang,China,1771
851,851,852,logan-ut,United States,4093
852,852,853,manhattan-ks,United States,4035
853,853,854,spokane-wa,United States,4122
854,854,855,kunming,China,2353
855,855,856,juarez,Mexico,1796
856,856,857,riverside-ca,United States,4509
857,857,858,bloomington-il,United States,4103
858,858,859,sihanoukville,Cambodia,1636
859,859,860,marbella,Spain,4121
860,860,861,xiangtan,China,1524
861,861,862,yichang,China,1561
862,862,863,the-hague,Netherlands,5023
863,863,864,greeley-co,United States,4171
864,864,865,nantong,China,2325
865,865,866,montevideo,Uruguay,3174
866,866,867,dunedin,New Zealand,6995
867,867,868,peshawar,Pakistan,1076
868,868,869,tallahassee-fl,United States,4158
869,869,870,xuzhou,China,1104
870,870,871,beacon-ny,United States,4266
871,871,872,champaign-il,United States,4056
872,872,873,hagatna,Guam,4011
873,873,874,kinmen,Taiwan,2820
874,874,875,sorocaba,Brazil,2048
875,875,876,zhangjiakou,China,1895
876,876,877,paris,France,5422
877,877,878,tracy-ca,United States,4186
878,878,879,sioux-city-ia,United States,4135
879,879,880,dushanbe,Tajikistan,1110
880,880,881,adelaide,Australia,5525
881,881,882,greenville-sc,United States,4036
882,882,883,wonsan,North Korea,1821
883,883,884,dortmund,Germany,4145
884,884,885,huddersfield,United Kingdom,4458
885,885,886,sendai,Japan,2665
886,886,887,bradenton-fl,United States,4416
887,887,888,sialkot,Pakistan,1671
888,888,889,orlando-fl,United States,4863
889,889,890,san-juan,Puerto Rico,4581
890,890,891,sulaymaniyah,Kurdistan,2560
891,891,892,ningbo,China,1980
892,892,893,tianjin,China,2180
893,893,894,nice,France,4107
894,894,895,hartford-ct,United States,4231
895,895,896,sparks-nv,United States,4219
896,896,897,marysville-wa,United States,4172
897,897,898,breda,Netherlands,4305
898,898,899,weston-fl,United States,4466
899,899,900,harrisonburg-va,United States,4223
900,900,901,conakry,Guinea,1635
901,901,902,brampton,Canada,4687
902,902,903,kelowna,Canada,5548
903,903,904,leeds,United Kingdom,5132
904,904,905,kingston,Jamaica,3772
905,905,906,tebessa,Algeria,1946
906,906,907,hvar,Croatia,3169
907,907,908,port-au-prince,Haiti,2109
908,908,909,campo-grande,Brazil,2114
909,909,910,tegucigalpa,Honduras,1826
910,910,911,dalian,China,2058
911,911,912,princeton-nj,United States,4506
912,912,913,onitsha,Nigeria,2121
913,913,914,ko-phi-phi,Thailand,2579
914,914,915,bielefeld,Germany,3967
915,915,916,salvador,Brazil,2430
916,916,917,rennes,France,3511
917,917,918,vineland-nj,United States,4061
918,918,919,brussels,Belgium,5360
919,919,920,hilo-hawaii,United States,5623
920,920,921,sandpoint-id,United States,4230
921,921,922,zhuzhou,China,1679
922,922,923,canton-oh,United States,4151
923,923,924,quetta,Pakistan,1471
924,924,925,mbuji-mayi,DR Congo,1921
925,925,926,missoula-mt,United States,4216
926,926,927,kauai-hawaii,United States,8522
927,927,928,kananga,DR Congo,1827
928,928,929,daytona-beach-fl,United States,4554
929,929,930,sao-jose-dos-campos,Brazil,2161
930,930,931,ithaca-ny,United States,4443
931,931,932,qingdao,China,2015
932,932,933,new-haven-ct,United States,4656
933,933,934,manama,Bahrain,3763
934,934,935,grand-island-ne,United States,4199
935,935,936,manteca-ca,United States,4339
936,936,937,nanjing,China,2351
937,937,938,ottawa,Canada,5194
938,938,939,maseru,Lesotho,1612
939,939,940,galway,Ireland,6320
940,940,941,santa-marta,Colombia,1891
941,941,942,dhanbad,India,2949
942,942,943,hof,Germany,3996
943,943,944,nagoya,Japan,3158
944,944,945,qom,Iran,1989
945,945,946,bern,Switzerland,6590
946,946,947,zhucheng,China,1910
947,947,948,canberra,Australia,6990
948,948,949,tehran,Iran,2913
949,949,950,hobart,Australia,5457
950,950,951,kassel,Germany,3686
951,951,952,rhodes,Greece,3914
952,952,953,aarhus,Denmark,4859
953,953,954,torreon,Mexico,2325
954,954,955,puerto-viejo,Costa Rica,3367
955,955,956,wuhan,China,2091
956,956,957,key-west-fl,United States,8186
957,957,958,flagstaff-az,United States,4504
958,958,959,fort-lauderdale-fl,United States,5491
959,959,960,sumperk,Czechia,4192
960,960,961,joao-pessoa,Brazil,2095
961,961,962,valparaiso,Chile,2999
962,962,963,wollongong,Australia,5190
963,963,964,yamoussoukro,Cote d'Ivoire,2390
964,964,965,melbourne-fl,United States,4671
965,965,966,dayton-oh,United States,4420
966,966,967,mashhad,Iran,1872
967,967,968,chifeng,China,2663
968,968,969,philadelphia-pa,United States,5157
969,969,970,redding-ca,United States,4283
970,970,971,frederick-md,United States,4334
971,971,972,bar,Montenegro,3048
972,972,973,norwich,United Kingdom,4816
973,973,974,eindhoven,Netherlands,5616
974,974,975,fort-mcmurray,Canada,4347
975,975,976,san-ignacio,Belize,2992
976,976,977,southampton,United Kingdom,4764
977,977,978,halifax,Canada,4683
978,978,979,ko-lipe,Thailand,2588
979,979,980,byron-bay,Australia,5611
980,980,981,tabriz,Iran,1338
981,981,982,worcester-ma,United States,4356
982,982,983,revelstoke,Canada,4287
983,983,984,mexicali,Mexico,2466
984,984,985,duluth-mn,United States,4446
985,985,986,palo-alto-ca,United States,5743
986,986,987,ulaanbaatar,Mongolia,1959
987,987,988,baltimore-md,United States,4585
988,988,989,oranjestad,Aruba,7652
989,989,990,oxford,United Kingdom,5587
990,990,991,richland-wa,United States,4534
991,991,992,coeur-dalene-id,United States,4561
992,992,993,grenoble,France,3941
993,993,994,gaborone,Botswana,2958
994,994,995,york,United Kingdom,4778
995,995,996,sheffield,United Kingdom,5832
996,996,997,tanchon,North Korea,1659
997,997,998,marseille,France,3731
998,998,999,sayulita,Mexico,3246
999,999,1000,memphis-tn,United States,4490
1000,1000,1001,detroit-mi,United States,4679
1001,1001,1002,kaechon,North Korea,1624
1002,1002,1003,san-jose-ca,United States,5014
1003,1003,1004,sacramento-ca,United States,5481
1004,1004,1005,luanda,Angola,3082
1005,1005,1006,hull,United Kingdom,4798
1006,1006,1007,west-palm-beach-fl,United States,5506
1007,1007,1008,strasbourg,France,4007
1008,1008,1009,antwerp,Belgium,4771
1009,1009,1010,mountain-view-ca,United States,5946
1010,1010,1011,florence,Italy,5646
1011,1011,1012,bellevue-ne,United States,4433
1012,1012,1013,beersheba,Israel,4111
1013,1013,1014,port-of-spain,Trinidad and Tobago,3404
1014,1014,1015,lilongwe,Malawi,2619
1015,1015,1016,darwin,Australia,5837
1016,1016,1017,macau,China,3944
1017,1017,1018,newport-beach-ca,United States,5922
1018,1018,1019,fushun,China,2523
1019,1019,1020,laayoune,Western Sahara,1771
1020,1020,1021,comporta,Portugal,5983
1021,1021,1022,montanita,Ecuador,2839
1022,1022,1023,nouakchott,Mauritania,1927
1023,1023,1024,santa-barbara-ca,United States,5941
1024,1024,1025,rome,Italy,5111
1025,1025,1026,kuwait-city,Kuwait,3313
1026,1026,1027,copan,Honduras,2258
1027,1027,1028,cairns,Australia,4916
1028,1028,1029,kaesong,North Korea,1998
1029,1029,1030,cardiff,United Kingdom,6617
1030,1030,1031,chengdu,China,3525
1031,1031,1032,cambridge,United Kingdom,6974
1032,1032,1033,oshkosh-wi,United States,4610
1033,1033,1034,scheveningen,Netherlands,5863
1034,1034,1035,cavtat,Croatia,3886
1035,1035,1036,cheltenham,United Kingdom,6467
1036,1036,1037,larnaca,Cyprus,4248
1037,1037,1038,xiamen,China,2524
1038,1038,1039,tromso,Norway,6639
1039,1039,1040,pasco-wa,United States,4549
1040,1040,1041,monterey-ca,United States,5663
1041,1041,1042,belize-city,Belize,3204
1042,1042,1043,san-pedro-sula,Honduras,2104
1043,1043,1044,dammam,Saudi Arabia,2186
1044,1044,1045,leuven,Belgium,4268
1045,1045,1046,faisalabad,Pakistan,2292
1046,1046,1047,ogden-ut,United States,4647
1047,1047,1048,zandvoort,Netherlands,5678
1048,1048,1049,portland-me,United States,5124
1049,1049,1050,petaluma-ca,United States,4662
1050,1050,1051,wanaka,New Zealand,8948
1051,1051,1052,charleston-sc,United States,6151
1052,1052,1053,funafuti,Tuvalu,3032
1053,1053,1054,zwolle,Netherlands,4767
1054,1054,1055,arnhem,Netherlands,4307
1055,1055,1056,sliema,Malta,4894
1056,1056,1057,abu-dhabi,United Arab Emirates,4721
1057,1057,1058,bruges,Belgium,4372
1058,1058,1059,kitakyushu,Japan,3267
1059,1059,1060,lake-tahoe-ca,United States,6881
1060,1060,1061,port-vila,Vanuatu,3296
1061,1061,1062,sinuiju,North Korea,1881
1062,1062,1063,trondheim,Norway,5299
1063,1063,1064,menlo-park-ca,United States,6360
1064,1064,1065,san-mateo-ca,United States,5018
1065,1065,1066,fort-myers-fl,United States,6441
1066,1066,1067,milan,Italy,6221
1067,1067,1068,edmonton,Canada,5063
1068,1068,1069,bergen,Norway,5459
1069,1069,1070,freetown,Sierra Leone,2486
1070,1070,1071,haarlem,Netherlands,5643
1071,1071,1072,stamford-ct,United States,5549
1072,1072,1073,muscat,Oman,3051
1073,1073,1074,whistler,Canada,6981
1074,1074,1075,ube,Japan,3160
1075,1075,1076,lelystad,Netherlands,4599
1076,1076,1077,galveston-tx,United States,6605
1077,1077,1078,midland-tx,United States,4844
1078,1078,1079,george-town,Cayman Islands,4724
1079,1079,1080,okayama,Japan,3126
1080,1080,1081,okinawa-city-okinawa,Japan,4760
1081,1081,1082,cannes,France,6921
1082,1082,1083,texel,Netherlands,5484
1083,1083,1084,cape-coral-fl,United States,5316
1084,1084,1085,shenzhen,China,3296
1085,1085,1086,lake-havasu-city-az,United States,5456
1086,1086,1087,pisa,Italy,4440
1087,1087,1088,dededo,Guam,4661
1088,1088,1089,park-city-ut,United States,6066
1089,1089,1090,gibraltar,Gibraltar,5788
1090,1090,1091,itapema,Brazil,2790
1091,1091,1092,monaco,Monaco,7919
1092,1092,1093,indio-ca,United States,6518
1093,1093,1094,santa-fe-nm,United States,4508
1094,1094,1095,bordeaux,France,4596
1095,1095,1096,lanzarote-canary-islands,Spain,4092
1096,1096,1097,santa-maria-ca,United States,4890
1097,1097,1098,fairfax-va,United States,4941
1098,1098,1099,sarasota-fl,United States,5587
1099,1099,1100,caracas,Venezuela,2199
1100,1100,1101,port-orange-fl,United States,5679
1101,1101,1102,alesund,Norway,4656
1102,1102,1103,shiraz,Iran,2455
1103,1103,1104,carlsbad-ca,United States,5383
1104,1104,1105,hefei,China,2896
1105,1105,1106,deventer,Netherlands,4663
1106,1106,1107,lake-charles-la,United States,4871
1107,1107,1108,annecy,France,4017
1108,1108,1109,chamonix,France,5933
1109,1109,1110,tulum,Mexico,4835
1110,1110,1111,oceanside-ca,United States,5292
1111,1111,1112,bursa,Turkey,3131
1112,1112,1113,plantation-fl,United States,7602
1113,1113,1114,bonita-springs-fl,United States,6073
1114,1114,1115,manaus,Brazil,2670
1115,1115,1116,henderson-nv,United States,4790
1116,1116,1117,temecula-ca,United States,5337
1117,1117,1118,reading,United Kingdom,5080
1118,1118,1119,santa-rosa-ca,United States,4928
1119,1119,1120,yaounde,Cameroon,2147
1120,1120,1121,fort-collins-co,United States,5445
1121,1121,1122,tuscaloosa-al,United States,5425
1122,1122,1123,doha,Qatar,7781
1123,1123,1124,lugano,Switzerland,7753
1124,1124,1125,palm-desert-ca,United States,8747
1125,1125,1126,shrewsbury,United Kingdom,6986
1126,1126,1127,honiara,Solomon Islands,3577
1127,1127,1128,accra,Ghana,3126
1128,1128,1129,vista-ca,United States,5526
1129,1129,1130,savannah-ga,United States,4999
1130,1130,1131,cathedral-city-ca,United States,7137
1131,1131,1132,iquique,Chile,3436
1132,1132,1133,winston-nc,United States,4855
1133,1133,1134,centennial-co,United States,4850
1134,1134,1135,san-clemente-ca,United States,5131
1135,1135,1136,waterloo,Canada,8249
1136,1136,1137,nagasaki,Japan,3570
1137,1137,1138,salem-ma,United States,4847
1138,1138,1139,zhuhai,China,2716
1139,1139,1140,guilin,China,2400
1140,1140,1141,heidelberg,Germany,4518
1141,1141,1142,green-bay-wi,United States,5761
1142,1142,1143,road-town,British Virgin Islands,6350
1143,1143,1144,bologna,Italy,4674
1144,1144,1145,elgin-il,United States,5068
1145,1145,1146,brentwood-ca,United States,5178
1146,1146,1147,kamiyama,Japan,3288
1147,1147,1148,kobe,Japan,3800
1148,1148,1149,kralendijk,Caribbean Netherlands,4059
1149,1149,1150,saint-helier,Jersey,6719
1150,1150,1151,osaka,Japan,4837
1151,1151,1152,ibiza,Spain,6896
1152,1152,1153,wenzhou,China,2548
1153,1153,1154,kennewick-wa,United States,5495
1154,1154,1155,salzburg,Austria,4768
1155,1155,1156,murrieta-ca,United States,5255
1156,1156,1157,tilburg,Netherlands,5593
1157,1157,1158,haifa,Israel,4898
1158,1158,1159,avignon,France,4113
1159,1159,1160,banff,Canada,6338
1160,1160,1161,san-angelo-tx,United States,5040
1161,1161,1162,beaverton-or,United States,5063
1162,1162,1163,rethymno,Greece,4448
1163,1163,1164,santa-teresa,Costa Rica,5443
1164,1164,1165,jamestown,Saint Helena,6624
1165,1165,1166,antofagasta,Chile,3526
1166,1166,1167,naples,Italy,5142
1167,1167,1168,isfahan,Iran,2432
1168,1168,1169,lausanne,Switzerland,6098
1169,1169,1170,puning,China,2820
1170,1170,1171,basel,Switzerland,6099
1171,1171,1172,montego-bay,Jamaica,5610
1172,1172,1173,zhangzhou,China,2945
1173,1173,1174,kyoto,Japan,4320
1174,1174,1175,genoa,Italy,4667
1175,1175,1176,verdi-nv,United States,5130
1176,1176,1177,hamhung,North Korea,2253
1177,1177,1178,avarua,Cook Islands,4135
1178,1178,1179,ruian,China,2683
1179,1179,1180,incline-village-nv,United States,9762
1180,1180,1181,almere,Netherlands,6374
1181,1181,1182,trento,Italy,4527
1182,1182,1183,erbil,Kurdistan,3336
1183,1183,1184,baotou,China,3250
1184,1184,1185,taos-nm,United States,5259
1185,1185,1186,vina-del-mar,Chile,3720
1186,1186,1187,napa-ca,United States,6191
1187,1187,1188,cabo-san-lucas,Mexico,3692
1188,1188,1189,trieste,Italy,4568
1189,1189,1190,bozeman-mt,United States,5280
1190,1190,1191,foshan,China,3101
1191,1191,1192,arendal,Norway,7028
1192,1192,1193,tsushima-island,Japan,3810
1193,1193,1194,dijon,France,4400
1194,1194,1195,darmstadt,Germany,4663
1195,1195,1196,mcmurdo-station,Antarctica,13202
1196,1196,1197,stanley,Falkland Islands,5834
1197,1197,1198,yokohama,Japan,3994
1198,1198,1199,padova,Italy,4897
1199,1199,1200,yangzhou,China,2824
1200,1200,1201,innsbruck,Austria,5612
1201,1201,1202,luxembourg,Luxembourg,5720
1202,1202,1203,san-sebastian,Spain,5635
1203,1203,1204,hamilton,Bermuda,10572
1204,1204,1205,biarritz,France,4248
1205,1205,1206,amundsen-scott,Antarctica,12328
1206,1206,1207,riyadh,Saudi Arabia,3265
1207,1207,1208,santorini,Greece,5004
1208,1208,1209,kagoshima,Japan,3811
1209,1209,1210,torshavn-faroe-islands,Denmark,5200
1210,1210,1211,rovaniemi,Finland,8309
1211,1211,1212,mykonos,Greece,6441
1212,1212,1213,nassau,The Bahamas,6621
1213,1213,1214,cagliari,Italy,4442
1214,1214,1215,jarabacoa,Dominican Republic,3638
1215,1215,1216,bilbao,Spain,4384
1216,1216,1217,anshan,China,2614
1217,1217,1218,dusseldorf,Germany,4893
1218,1218,1219,chongjin,North Korea,2264
1219,1219,1220,charlotte-amalie,United States Virgin Islands,7562
1220,1220,1221,brighton,United Kingdom,6112
1221,1221,1222,modena,Italy,5318
1222,1222,1223,interlaken,Switzerland,7681
1223,1223,1224,jeddah,Saudi Arabia,3030
1224,1224,1225,gold-coast,Australia,6014
1225,1225,1226,suzhou,China,3342
1226,1226,1227,zhangjiagang,China,3079
1227,1227,1228,belfast,United Kingdom,4701
1228,1228,1229,monza,Italy,4472
1229,1229,1230,treviso,Italy,4722
1230,1230,1231,mecca,Saudi Arabia,3250
1231,1231,1232,libreville,Gabon,3345
1232,1232,1233,yiwu,China,3027
1233,1233,1234,tarifa,Spain,5021
1234,1234,1235,sariwon,North Korea,2671
1235,1235,1236,ashgabat,Turkmenistan,4667
1236,1236,1237,nampo,North Korea,2706
1237,1237,1238,kinshasa,DR Congo,3417
1238,1238,1239,jerusalem,Israel,5102
1239,1239,1240,ferrara,Italy,4736
1240,1240,1241,st.-gallen,Switzerland,6939
1241,1241,1242,trier,Germany,5095
1242,1242,1243,weihai,China,3378
1243,1243,1244,rouen,France,4741
1244,1244,1245,changsha,China,3464
1245,1245,1246,huzhou,China,3863
1246,1246,1247,male,Maldives,4793
1247,1247,1248,verona,Italy,5260
1248,1248,1249,medina,Saudi Arabia,3535
1249,1249,1250,wuxi,China,3376
1250,1250,1251,philipsburg,Sint Maarten,6240
1251,1251,1252,bay-islands,Honduras,3477
1252,1252,1253,rimini,Italy,6315
1253,1253,1254,bari,Italy,6305
1254,1254,1255,hiroshima,Japan,4383
1255,1255,1256,avellino,Italy,4082
1256,1256,1257,tengzhou,China,3374
1257,1257,1258,xiangyang,China,3371
1258,1258,1259,amalfi,Italy,5481
1259,1259,1260,mancora,Peru,3938
1260,1260,1261,lucca,Italy,5046
1261,1261,1262,ahvaz,Iran,3236
1262,1262,1263,bridgetown,Barbados,6137
1263,1263,1264,king-edward-point,South Georgia and the South Sandwich Islands,10909
1264,1264,1265,vatican-city,Vatican City,5565
1265,1265,1266,port-moresby,Papua New Guinea,3872
1266,1266,1267,victoria,Seychelles,5106
1267,1267,1268,basse-terre,Guadeloupe,3648
1268,1268,1269,cayenne,French Guiana,3518
1269,1269,1270,st-johns,Antigua and Barbuda,5315
1270,1270,1271,tamarindo,Costa Rica,4901
1271,1271,1272,cabarete,Dominican Republic,4565
1272,1272,1273,ajaccio-corsica,France,5056
1273,1273,1274,siena,Italy,5833
1274,1274,1275,nuuk,Greenland,5031
1275,1275,1276,dorobo,Japan,4117
1276,1276,1277,turin,Italy,5538
1277,1277,1278,sapporo,Japan,5753
1278,1278,1279,hamamatsu,Japan,6256
1279,1279,1280,san-pedro,Belize,4648
1280,1280,1281,isla-mujeres,Mexico,7067
1281,1281,1282,andorra-la-vella,Andorra,5752
1282,1282,1283,san-pedro-de-atacama,Chile,5050
1283,1283,1284,nago-okinawa,Japan,4791
1284,1284,1285,martinique,Martinique,6410
1285,1285,1286,punta-del-este,Uruguay,5223
1286,1286,1287,punta-cana,Dominican Republic,5119
1287,1287,1288,monrovia,Liberia,4512
1288,1288,1289,chongqing,China,4413
1289,1289,1290,exeter,United Kingdom,5352
1290,1290,1291,djibouti,Djibouti,4422
1291,1291,1292,noumea,New Caledonia,5824
1292,1292,1293,tabarana-do-norte,Brazil,5482
1293,1293,1294,ndjamena,Chad,5521
1294,1294,1295,obninsk,Russia,2025
1295,1295,1296,tripoli,Libya,1920
1296,1296,1297,novocherkassk,Russia,2163
1297,1297,1298,juba,South Sudan,2649
1298,1298,1299,ivano-frankivsk,Ukraine,1043
1299,1299,1300,sochi,Russia,2867
1300,1300,1301,kaliningrad,Russia,2797
1301,1301,1302,tomsk,Russia,2124
1302,1302,1303,vladivostok,Russia,2694
1303,1303,1304,ulyanovsk,Russia,1925
1304,1304,1305,izhevsk,Russia,2172
1305,1305,1306,benghazi,Libya,3314
1306,1306,1307,krivoy-rog,Ukraine,1399
1307,1307,1308,khartoum,Sudan,928
1308,1308,1309,mosul,Iraq,1774
1309,1309,1310,lviv,Ukraine,1698
1310,1310,1311,bangui,Central African Republic,1523
1311,1311,1312,krasnodar,Russia,1932
1312,1312,1313,homs,Syria,2279
1313,1313,1314,asmara,Eritrea,1972
1314,1314,1315,saratov,Russia,2255
1315,1315,1316,hama,Syria,2229
1316,1316,1317,naypyidaw,Myanmar,1219
1317,1317,1318,dnipro,Ukraine,1282
1318,1318,1319,odessa,Ukraine,1338
1319,1319,1320,krasnoyarsk,Russia,2340
1320,1320,1321,volgograd,Russia,3861
1321,1321,1322,ufa,Russia,2182
1322,1322,1323,rostov-on-don,Russia,1945
1323,1323,1324,chelyabinsk,Russia,2110
1324,1324,1325,omsk,Russia,1698
1325,1325,1326,kazan,Russia,3393
1326,1326,1327,samara,Russia,2701
1327,1327,1328,maputo,Mozambique,2211
1328,1328,1329,mandalay,Myanmar,1618
1329,1329,1330,nizhny,Russia,3585
1330,1330,1331,mogadishu,Somalia,2531
1331,1331,1332,kharkiv,Ukraine,1191
1332,1332,1333,yekaterinburg,Russia,2392
1333,1333,1334,novosibirsk,Russia,2144
1334,1334,1335,sanaa,Yemen,1544
1335,1335,1336,damascus,Syria,3751
1336,1336,1337,minsk,Belarus,1535
1337,1337,1338,aleppo,Syria,1905
1338,1338,1339,basra,Iraq,2413
1339,1339,1340,addis-ababa,Ethiopia,1660
1340,1340,1341,kyiv,Ukraine,1202
1341,1341,1342,kabul,Afghanistan,1839
1342,1342,1343,bamako,Mali,2157
1343,1343,1344,dar-es-salaam,Tanzania,1745
1344,1344,1345,saint-petersburg,Russia,2377
1345,1345,1346,yangon,Myanmar,1357
1346,1346,1347,baghdad,Iraq,1907
1347,1347,1348,moscow,Russia,3032
