,Unnamed: 0,Rank,City,Country,Cost of Living,city
0,0,1,Lisbon,Portugal,3336,lisbon
1,1,2,Bangkok,Thailand,2094,bangkok
2,2,3,"Canggu, Bali",Indonesia,1932,canggu
3,3,4,Chiang Mai,Thailand,1316,chiang-mai
4,4,5,Buenos Aires,Argentina,2027,buenos-aires
5,5,6,Madeira,Portugal,2101,madeira
6,6,7,Mexico City,Mexico,1805,mexico-city
7,7,8,Berlin,Germany,3759,berlin
8,8,9,Timisoara,Romania,1574,timisoara
9,9,10,"Gran Canaria, Canary Islands",Spain,1894,gran-canaria
10,10,11,Bengaluru,India,1275,bengaluru
11,11,12,Cape Town,South Africa,3174,cape-town
12,12,13,Porto,Portugal,2986,porto
13,13,14,Medellín,Colombia,1492,medellin
14,14,15,Portimão,Portugal,2170,portimao
15,15,16,Penang,Malaysia,1043,penang
16,16,17,"Fuerteventura, Canary Islands",Spain,2260,fuerteventura
17,17,18,Kuala Lumpur,Malaysia,1772,kuala-lumpur
18,18,19,"Lagos, Algarve",Portugal,2073,lagos
19,19,20,Ko Pha Ngan,Thailand,2402,ko-pha-ngan
20,20,21,Brasov,Romania,1799,brasov
21,21,22,"Tenerife, Canary Islands",Spain,2786,tenerife
22,22,23,Nairobi,Kenya,1630,nairobi
23,23,24,Varna,Bulgaria,1705,varna
24,24,25,Hyderabad,India,1199,hyderabad
25,25,26,Tbilisi,Georgia,2024,tbilisi
26,26,27,Istanbul,Turkey,2196,istanbul
27,27,28,Ho Chi Minh City,Vietnam,1370,ho-chi-minh-city
28,28,29,Kathmandu,Nepal,1255,kathmandu
29,29,30,Sofia,Bulgaria,2126,sofia
30,30,31,Da Nang,Vietnam,1173,da-nang
31,31,32,"Ubud, Bali",Indonesia,1978,ubud
32,32,33,Belgrade,Serbia,2474,belgrade
33,33,34,Warsaw,Poland,2733,warsaw
34,34,35,Cebu,Philippines,1517,cebu
35,35,36,Delhi,India,1307,delhi
36,36,37,Tallinn,Estonia,2590,tallinn
37,37,38,Azores,Portugal,2080,azores
38,38,39,Manila,Philippines,1737,manila
39,39,40,"Seminyak, Bali",Indonesia,1680,seminyak
40,40,41,Cluj,Romania,2224,cluj
41,41,42,Davao,Philippines,1419,davao
42,42,43,"San Antonio, TX",United States,3258,san-antonio
43,43,44,Phuket,Thailand,2970,phuket
44,44,45,Kraków,Poland,2400,krakow
45,45,46,"Seseh, Bali",Indonesia,507,seseh
46,46,47,Guadalajara,Mexico,1622,guadalajara
47,47,48,Perth,Australia,3834,perth
48,48,49,Luang Prabang,Laos,1315,luang-prabang
49,49,50,"Atlanta, GA",United States,3554,atlanta
50,50,51,Brno,Czechia,2343,brno
51,51,52,Ploiesti,Romania,1595,ploiesti
52,52,53,Mallorca,Spain,2769,mallorca
53,53,54,Zagreb,Croatia,2679,zagreb
54,54,55,Zadar,Croatia,2283,zadar
55,55,56,Dresden,Germany,3168,dresden
56,56,57,Lima,Peru,1435,lima
57,57,58,"Dallas, TX",United States,3674,dallas
58,58,59,Constanta,Romania,1978,constanta
59,59,60,Plovdiv,Bulgaria,2047,plovdiv
60,60,61,Munich,Germany,4011,munich
61,61,62,Puerto Escondido,Mexico,1740,puerto-escondido
62,62,63,Antalya,Turkey,2071,antalya
63,63,64,Barcelona,Spain,3987,barcelona
64,64,65,"Austin, TX",United States,4071,austin
65,65,66,"Tampa, FL",United States,3746,tampa
66,66,67,Prague,Czechia,3121,prague
67,67,68,Cuenca,Ecuador,1846,cuenca
68,68,69,Taghazout,Morocco,1558,taghazout
69,69,70,Palawan,Philippines,1478,palawan
70,70,71,Bucharest,Romania,1925,bucharest
71,71,72,Phu Quoc,Vietnam,1445,phu-quoc
72,72,73,Hanoi,Vietnam,1145,hanoi
73,73,74,Gdansk,Poland,2350,gdansk
74,74,75,London,United Kingdom,5328,london
75,75,76,Nis,Serbia,1428,nis
76,76,77,Ericeira,Portugal,3771,ericeira
77,77,78,Havana,Cuba,1951,havana
78,78,79,Skopje,North Macedonia,1254,skopje
79,79,80,Playa del Carmen,Mexico,2758,playa-del-carmen
80,80,81,Monterrey,Mexico,1597,monterrey
81,81,82,Krabi,Thailand,1928,krabi
82,82,83,Queretaro,Mexico,1809,queretaro
83,83,84,Cancun,Mexico,2292,cancun
84,84,85,Siem Reap,Cambodia,1605,siem-reap
85,85,86,Haikou,China,1572,haikou
86,86,87,Port Louis,Mauritius,2505,port-louis
87,87,88,Wrocław,Poland,2540,wroclaw
88,88,89,Amritsar,India,1101,amritsar
89,89,90,Jakarta,Indonesia,1498,jakarta
90,90,91,Hoi An,Vietnam,1054,hoi-an
91,91,92,Novi Sad,Serbia,2146,novi-sad
92,92,93,Seoul,South Korea,3016,seoul
93,93,94,Mumbai,India,1855,mumbai
94,94,95,Pokhara,Nepal,927,pokhara
95,95,96,Antigua,Guatemala,1708,antigua
96,96,97,Oaxaca,Mexico,1926,oaxaca
97,97,98,Leipzig,Germany,2914,leipzig
98,98,99,Jodhpur,India,1328,jodhpur
99,99,100,Bratislava,Slovakia,2471,bratislava
100,100,101,Busan,South Korea,2659,busan
101,101,102,Makati,Philippines,1991,makati
102,102,103,Braga,Portugal,2108,braga
103,103,104,São Paulo,Brazil,2251,sao-paulo
104,104,105,"New York City, NY",United States,6483,new-york-city
105,105,106,Athens,Greece,3818,athens
106,106,107,Agra,India,969,agra
107,107,108,Colombo,Sri Lanka,1389,colombo
108,108,109,Phnom Penh,Cambodia,1612,phnom-penh
109,109,110,Johannesburg,South Africa,2787,johannesburg
110,110,111,Ljubljana,Slovenia,3978,ljubljana
111,111,112,Taipei,Taiwan,2888,taipei
112,112,113,Mostar,Bosnia,2022,mostar
113,113,114,Siargao,Philippines,1583,siargao
114,114,115,Marrakesh,Morocco,2722,marrakesh
115,115,116,Jaipur,India,1112,jaipur
116,116,117,Dubrovnik,Croatia,2717,dubrovnik
117,117,118,"Senggigi, Lombok",Indonesia,909,senggigi
118,118,119,Stockholm,Sweden,3992,stockholm
119,119,120,"Salt Lake City, UT",United States,3263,salt-lake-city
120,120,121,Sydney,Australia,5570,sydney
121,121,122,Poznan,Poland,2293,poznan
122,122,123,Mysore,India,1350,mysore
123,123,124,Galapagos Islands,Ecuador,1838,galapagos-islands
124,124,125,Bansko,Bulgaria,2617,bansko
125,125,126,Seville,Spain,3036,seville
126,126,127,Szczecin,Poland,2168,szczecin
127,127,128,Goa,India,1297,goa
128,128,129,Rio de Janeiro,Brazil,2498,rio-de-janeiro
129,129,130,Cordoba,Argentina,1571,cordoba
130,130,131,Toronto,Canada,4305,toronto
131,131,132,Sarajevo,Bosnia,2347,sarajevo
132,132,133,"Tucson, AZ",United States,3723,tucson
133,133,134,Split,Croatia,3349,split
134,134,135,Vancouver,Canada,4171,vancouver
135,135,136,"Minneapolis, MN",United States,3902,minneapolis
136,136,137,Nha Trang,Vietnam,1242,nha-trang
137,137,138,Kota Kinabalu,Malaysia,1764,kota-kinabalu
138,138,139,Faro,Portugal,1996,faro
139,139,140,General Santos,Philippines,1557,general-santos
140,140,141,Hamburg,Germany,3988,hamburg
141,141,142,"Portland, OR",United States,3980,portland
142,142,143,Aveiro,Portugal,2635,aveiro
143,143,144,Nakhon Ratchasima,Thailand,1235,nakhon-ratchasima
144,144,145,Melbourne,Australia,5342,melbourne
145,145,146,Arugam Bay,Sri Lanka,893,arugam-bay
146,146,147,Guangzhou,China,1704,guangzhou
147,147,148,Groningen,Netherlands,4235,groningen
148,148,149,Porto Alegre,Brazil,1659,porto-alegre
149,149,150,Galle,Sri Lanka,1665,galle
150,150,151,Lublin,Poland,1707,lublin
151,151,152,Kanpur,India,1350,kanpur
152,152,153,Singapore,Singapore,5493,singapore
153,153,154,Yerevan,Armenia,2304,yerevan
154,154,155,Rijeka,Croatia,1865,rijeka
155,155,156,Amsterdam,Netherlands,6397,amsterdam
156,156,157,La Plata,Argentina,1664,la-plata
157,157,158,"Beaumont, TX",United States,2661,beaumont
158,158,159,Riga,Latvia,2503,riga
159,159,160,Merida,Mexico,1621,merida
160,160,161,Noida,India,1288,noida
161,161,162,Costa da Caparica,Portugal,3451,costa-da-caparica
162,162,163,Ko Samui,Thailand,1937,ko-samui
163,163,164,Quito,Ecuador,2235,quito
164,164,165,Kuching,Malaysia,1789,kuching
165,165,166,"Brownsville, TX",United States,2754,brownsville
166,166,167,Burgas,Bulgaria,2438,burgas
167,167,168,Beirut,Lebanon,2633,beirut
168,168,169,Vilnius,Lithuania,3156,vilnius
169,169,170,"San Diego, CA",United States,4616,san-diego
170,170,171,Lucknow,India,840,lucknow
171,171,172,Kandy,Sri Lanka,1000,kandy
172,172,173,Chisinau,Moldova,1912,chisinau
173,173,174,Dubai,United Arab Emirates,3866,dubai
174,174,175,Ahmedabad,India,1250,ahmedabad
175,175,176,Adana,Turkey,1328,adana
176,176,177,Madurai,India,1263,madurai
177,177,178,"Harlingen, TX",United States,2805,harlingen
178,178,179,"Gainesville, FL",United States,3061,gainesville
179,179,180,Kaohsiung,Taiwan,2630,kaohsiung
180,180,181,Pristina,Kosovo,2083,pristina
181,181,182,Winnipeg,Canada,3221,winnipeg
182,182,183,Copenhagen,Denmark,5976,copenhagen
183,183,184,Izmir,Turkey,1416,izmir
184,184,185,Jeju Island,South Korea,2278,jeju-island
185,185,186,Johor Bahru,Malaysia,1352,johor-bahru
186,186,187,Hubli,India,853,hubli
187,187,188,Valencia,Spain,3922,valencia
188,188,189,Harare,Zimbabwe,2603,harare
189,189,190,"Tyler, TX",United States,2873,tyler
190,190,191,Kochi,India,1053,kochi
191,191,192,"Jimbaran, Bali",Indonesia,1218,jimbaran
192,192,193,"Lubbock, TX",United States,2819,lubbock
193,193,194,El Jadida,Morocco,1273,el-jadida
194,194,195,Tampere,Finland,4172,tampere
195,195,196,Paramaribo,Suriname,1982,paramaribo
196,196,197,Craiova,Romania,1548,craiova
197,197,198,Changzhou,China,1404,changzhou
198,198,199,"Fayetteville, NC",United States,2813,fayetteville
199,199,200,Auckland,New Zealand,5150,auckland
200,200,201,Ipoh,Malaysia,1416,ipoh
201,201,202,Kozhikode,India,1125,kozhikode
202,202,203,San Miguel de Allende,Mexico,2765,san-miguel-de-allende
203,203,204,Bareilly,India,907,bareilly
204,204,205,Lodz,Poland,2169,lodz
205,205,206,San José,Costa Rica,2711,san-jose
206,206,207,Surrey,Canada,3320,surrey
207,207,208,Vadodara,India,2053,vadodara
208,208,209,Malappuram,India,717,malappuram
209,209,210,Grande Prairie,Canada,2862,grande-prairie
210,210,211,La Paz,Mexico,1397,la-paz
211,211,212,Santiago,Chile,2113,santiago
212,212,213,Bandung,Indonesia,1279,bandung
213,213,214,Helsinki,Finland,4460,helsinki
214,214,215,La Union,Philippines,2086,la-union
215,215,216,"McAllen, TX",United States,2940,mcallen
216,216,217,Pai,Thailand,1451,pai
217,217,218,"Honolulu, Hawaii",United States,8828,honolulu
218,218,219,Thrissur,India,1156,thrissur
219,219,220,Chiang Rai,Thailand,1340,chiang-rai
220,220,221,Almaty,Kazakhstan,2038,almaty
221,221,222,Alicante,Spain,3923,alicante
222,222,223,Malacca,Malaysia,1501,malacca
223,223,224,"Louisville, KY",United States,3126,louisville
224,224,225,Nagpur,India,1586,nagpur
225,225,226,Vijayawada,India,1186,vijayawada
226,226,227,Kalyan,India,1196,kalyan
227,227,228,Tirana,Albania,1910,tirana
228,228,229,"Las Vegas, NV",United States,5476,las-vegas
229,229,230,Pretoria,South Africa,2345,pretoria
230,230,231,Malmö,Sweden,3193,malmo
231,231,232,Lake Balaton,Hungary,2132,lake-balaton
232,232,233,"Nashville, TN",United States,4378,nashville
233,233,234,"Waterloo, IA",United States,2880,waterloo
234,234,235,"Laredo, TX",United States,3021,laredo
235,235,236,Tashkent,Uzbekistan,1458,tashkent
236,236,237,Paphos,Cyprus,3315,paphos
237,237,238,Osijek,Croatia,2045,osijek
238,238,239,Tokyo,Japan,4073,tokyo
239,239,240,Regina,Canada,3147,regina
240,240,241,"Los Angeles, CA",United States,5101,los-angeles
241,241,242,Cartagena,Colombia,1673,cartagena
242,242,243,Aurangabad,India,1409,aurangabad
243,243,244,"Youngstown, OH",United States,2747,youngstown
244,244,245,"Sanur, Bali",Indonesia,1111,sanur
245,245,246,Da Lat,Vietnam,1069,da-lat
246,246,247,Ludhiana,India,837,ludhiana
247,247,248,"Davenport, IA",United States,2703,davenport
248,248,249,"Menorca, Menorca",Spain,2593,menorca
249,249,250,Visakhapatnam,India,1106,visakhapatnam
250,250,251,"Buffalo, NY",United States,3267,buffalo
251,251,252,Gurgaon,India,1585,gurgaon
252,252,253,Hermosillo,Mexico,1563,hermosillo
253,253,254,Pattaya,Thailand,1719,pattaya
254,254,255,Florianopolis,Brazil,2821,florianopolis
255,255,256,Guanajuato,Mexico,2432,guanajuato
256,256,257,Coimbra,Portugal,3223,coimbra
257,257,258,Luxor,Egypt,1032,luxor
258,258,259,Jamshedpur,India,961,jamshedpur
259,259,260,Iasi,Romania,1919,iasi
260,260,261,"Conroe, TX",United States,3091,conroe
261,261,262,Hong Kong,Hong Kong,3875,hong-kong
262,262,263,Asuncion,Paraguay,1523,asuncion
263,263,264,Fortaleza,Brazil,1584,fortaleza
264,264,265,"Bowling Green, KY",United States,2958,bowling-green
265,265,266,Kota,India,986,kota
266,266,267,"Columbus, OH",United States,3220,columbus
267,267,268,Turku,Finland,3016,turku
268,268,269,"Longview, TX",United States,3091,longview
269,269,270,Chittagong,Bangladesh,1205,chittagong
270,270,271,Calgary,Canada,3568,calgary
271,271,272,Moradabad,India,1043,moradabad
272,272,273,Chandigarh,India,1392,chandigarh
273,273,274,Bogota,Colombia,1345,bogota
274,274,275,"Madison, WI",United States,3317,madison
275,275,276,"Pocatello, ID",United States,2935,pocatello
276,276,277,Baguio,Philippines,2047,baguio
277,277,278,Meerut,India,1726,meerut
278,278,279,"Medan, Sumatra",Indonesia,894,medan
279,279,280,Gwalior,India,842,gwalior
280,280,281,"Battle Creek, MI",United States,2755,battle-creek
281,281,282,"Killeen, TX",United States,3096,killeen
282,282,283,Aachen,Germany,3238,aachen
283,283,284,"Syracuse, NY",United States,3060,syracuse
284,284,285,Minca,Colombia,1725,minca
285,285,286,"Jonesboro, AR",United States,2892,jonesboro
286,286,287,Malang,Indonesia,1080,malang
287,287,288,Aligarh,India,1290,aligarh
288,288,289,Banja Luka,Bosnia,1685,banja-luka
289,289,290,Ankara,Turkey,1280,ankara
290,290,291,"Columbus, GA",United States,3138,columbus
291,291,292,Wellington,New Zealand,4975,wellington
292,292,293,Chatham,Canada,3067,chatham
293,293,294,"Amed, Bali",Indonesia,1369,amed
294,294,295,Port Elizabeth,South Africa,2289,port-elizabeth
295,295,296,Arequipa,Peru,1038,arequipa
296,296,297,Hue,Vietnam,1091,hue
297,297,298,"Lancaster, CA",United States,3107,lancaster
298,298,299,Jabalpur,India,1249,jabalpur
299,299,300,Quebec City,Canada,3543,quebec-city
300,300,301,"Cincinnati, OH",United States,3176,cincinnati
301,301,302,"Boston, MA",United States,5638,boston
302,302,303,"Pekanbaru, Sumatra",Indonesia,973,pekanbaru
303,303,304,McLeod Ganj,India,1217,mcleod-ganj
304,304,305,Patna,India,1075,patna
305,305,306,Livingstone,Zambia,2050,livingstone
306,306,307,Varkala,India,1085,varkala
307,307,308,"Albuquerque, NM",United States,3176,albuquerque
308,308,309,"Dothan, AL",United States,2975,dothan
309,309,310,Tirupur,India,819,tirupur
310,310,311,"Bryan, TX",United States,3215,bryan
311,311,312,Lagos,Nigeria,1897,lagos
312,312,313,"Port Arthur, TX",United States,3178,port-arthur
313,313,314,Gothenburg,Sweden,3471,gothenburg
314,314,315,"Lincoln, NE",United States,2903,lincoln
315,315,316,"Amarillo, TX",United States,2849,amarillo
316,316,317,Surabaya,Indonesia,1010,surabaya
317,317,318,Rosario,Argentina,1694,rosario
318,318,319,Kitchener,Canada,3737,kitchener
319,319,320,"Jacksonville, NC",United States,3186,jacksonville
320,320,321,"Indianapolis, IN",United States,3616,indianapolis
321,321,322,Kampala,Uganda,1635,kampala
322,322,323,Langkawi,Malaysia,1879,langkawi
323,323,324,"Las Cruces, NM",United States,3122,las-cruces
324,324,325,"Houston, TX",United States,3673,houston
325,325,326,Tainan,Taiwan,2951,tainan
326,326,327,Queenstown,New Zealand,6413,queenstown
327,327,328,Matara,Sri Lanka,1762,matara
328,328,329,"Wichita, KS",United States,2932,wichita
329,329,330,La Paz,Bolivia,1325,la-paz
330,330,331,"Roanoke, VA",United States,3112,roanoke
331,331,332,"Flint, MI",United States,2798,flint
332,332,333,"Kokomo, IN",United States,2858,kokomo
333,333,334,Goiania,Brazil,1645,goiania
334,334,335,Mui Ne,Vietnam,1091,mui-ne
335,335,336,Suva,Fiji,3038,suva
336,336,337,Santo Domingo,Dominican Republic,1922,santo-domingo
337,337,338,Rajkot,India,1578,rajkot
338,338,339,Saskatoon,Canada,3366,saskatoon
339,339,340,Leiden,Netherlands,5263,leiden
340,340,341,Coimbatore,India,1192,coimbatore
341,341,342,"Denver, CO",United States,4705,denver
342,342,343,"Bossier City, LA",United States,3125,bossier-city
343,343,344,"Denpasar, Bali",Indonesia,879,denpasar
344,344,345,"Victorville, CA",United States,3183,victorville
345,345,346,"North Little Rock, AR",United States,2977,north-little-rock
346,346,347,Guwahati,India,1250,guwahati
347,347,348,"Washington, DC",United States,5000,washington
348,348,349,"New Orleans, LA",United States,5472,new-orleans
349,349,350,"Edinburg, TX",United States,3268,edinburg
350,350,351,Cirebon,Indonesia,916,cirebon
351,351,352,Ko Lanta,Thailand,1907,ko-lanta
352,352,353,"Macon, GA",United States,3037,macon
353,353,354,Cairo,Egypt,1044,cairo
354,354,355,"Lawton, OK",United States,2961,lawton
355,355,356,Tunis,Tunisia,1858,tunis
356,356,357,Yogyakarta,Indonesia,1501,yogyakarta
357,357,358,"Rochester, NY",United States,3380,rochester
358,358,359,"Richmond, VA",United States,3196,richmond
359,359,360,Christchurch,New Zealand,4162,christchurch
360,360,361,Montpellier,France,3375,montpellier
361,361,362,Curitiba,Brazil,1423,curitiba
362,362,363,"Valdosta, GA",United States,3203,valdosta
363,363,364,"Bedford, OH",United States,3590,bedford
364,364,365,El Gouna,Egypt,4020,el-gouna
365,365,366,"Palembang, Sumatra",Indonesia,1199,palembang
366,366,367,Ramallah,Palestine,2044,ramallah
367,367,368,"Jacksonville, FL",United States,3623,jacksonville
368,368,369,Nuremberg,Germany,3507,nuremberg
369,369,370,Gili Air,Indonesia,1497,gili-air
370,370,371,"Pharr, TX",United States,3242,pharr
371,371,372,Daegu,South Korea,2170,daegu
372,372,373,"Seattle, WA",United States,5012,seattle
373,373,374,"Mission, TX",United States,3304,mission
374,374,375,Kolkata,India,1154,kolkata
375,375,376,"Odessa, TX",United States,3076,odessa
376,376,377,Lahore,Pakistan,1084,lahore
377,377,378,Fes,Morocco,1712,fes
378,378,379,Srinagar,India,1133,srinagar
379,379,380,"Temple, TX",United States,3299,temple
380,380,381,Sa Pa,Vietnam,1291,sa-pa
381,381,382,"Waco, TX",United States,3264,waco
382,382,383,"Palmdale, CA",United States,3306,palmdale
383,383,384,Cochabamba,Bolivia,1194,cochabamba
384,384,385,"Salem, OR",United States,3146,salem
385,385,386,Aguascalientes,Mexico,1595,aguascalientes
386,386,387,"Chico, CA",United States,3268,chico
387,387,388,Frankfurt,Germany,4051,frankfurt
388,388,389,Huizhou,China,1261,huizhou
389,389,390,Windsor,Canada,3702,windsor
390,390,391,"Raleigh, NC",United States,3508,raleigh
391,391,392,Victoria,Canada,4607,victoria
392,392,393,"Muncie, IN",United States,3058,muncie
393,393,394,Gaziantep,Turkey,1395,gaziantep
394,394,395,Windhoek,Namibia,2060,windhoek
395,395,396,"Burlington, NC",United States,3272,burlington
396,396,397,"Norfolk, VA",United States,3249,norfolk
397,397,398,Giza,Egypt,1272,giza
398,398,399,Tijuana,Mexico,1836,tijuana
399,399,400,"Naha, Okinawa",Japan,3360,naha
400,400,401,Durg,India,2077,durg
401,401,402,Madrid,Spain,4269,madrid
402,402,403,Panama City,Panama,2661,panama-city
403,403,404,Udon Thani,Thailand,1084,udon-thani
404,404,405,Dakar,Senegal,1898,dakar
405,405,406,"Yuma, AZ",United States,3359,yuma
406,406,407,"Des Moines, IA",United States,3519,des-moines
407,407,408,Huaibei,China,1844,huaibei
408,408,409,"Miami, FL",United States,7284,miami
409,409,410,Santa Cruz,Bolivia,1268,santa-cruz
410,410,411,Gori,Georgia,1557,gori
411,411,412,"Pittsburgh, PA",United States,3773,pittsburgh
412,412,413,Lethbridge,Canada,3966,lethbridge
413,413,414,Batumi,Georgia,2631,batumi
414,414,415,"Delano, CA",United States,3362,delano
415,415,416,Makassar,Indonesia,899,makassar
416,416,417,"Chattanooga, TN",United States,3460,chattanooga
417,417,418,Surakarta,Indonesia,961,surakarta
418,418,419,San Cristóbal de las Casas,Mexico,1854,san-cristobal-de-las-casas
419,419,420,"Asheville, NC",United States,3644,asheville
420,420,421,Semarang,Indonesia,1069,semarang
421,421,422,Jiaxing,China,1417,jiaxing
422,422,423,Khulna,Bangladesh,1914,khulna
423,423,424,"Fort Smith, AR",United States,3212,fort-smith
424,424,425,"Mataram, Lombok",Indonesia,1190,mataram
425,425,426,"Kansas City, MO",United States,3590,kansas-city
426,426,427,"Bethlehem, PA",United States,3294,bethlehem
427,427,428,"Fargo, ND",United States,3310,fargo
428,428,429,Edinburgh,United Kingdom,5223,edinburgh
429,429,430,Rishikesh,India,1175,rishikesh
430,430,431,"Joplin, MO",United States,3155,joplin
431,431,432,"Tulsa, OK",United States,3491,tulsa
432,432,433,"Bismarck, ND",United States,3225,bismarck
433,433,434,Surat,India,2231,surat
434,434,435,"Palm Coast, FL",United States,3404,palm-coast
435,435,436,"Oklahoma City, OK",United States,3306,oklahoma-city
436,436,437,Kannur,India,2020,kannur
437,437,438,Cologne,Germany,3574,cologne
438,438,439,"Chicago, IL",United States,4887,chicago
439,439,440,Jinan,China,1342,jinan
440,440,441,"Ocala, FL",United States,3433,ocala
441,441,442,"Rocky Mount, NC",United States,3320,rocky-mount
442,442,443,Cusco,Peru,1875,cusco
443,443,444,"Cedar Rapids, IA",United States,3328,cedar-rapids
444,444,445,Tangier,Morocco,2122,tangier
445,445,446,"Evansville, IN",United States,3141,evansville
446,446,447,Natal,Brazil,1863,natal
447,447,448,Ko Tao,Thailand,2138,ko-tao
448,448,449,"Birmingham, AL",United States,3716,birmingham
449,449,450,Guatemala City,Guatemala,1424,guatemala-city
450,450,451,Malaga,Spain,3482,malaga
451,451,452,Varanasi,India,2043,varanasi
452,452,453,Ibadan,Nigeria,1473,ibadan
453,453,454,Kaduna,Nigeria,1558,kaduna
454,454,455,Huai'an,China,1331,huai'an
455,455,456,Guiyang,China,1285,guiyang
456,456,457,"Victoria, TX",United States,3552,victoria
457,457,458,Dongying,China,1427,dongying
458,458,459,Bhubaneswar,India,1026,bhubaneswar
459,459,460,Newcastle Upon Tyne,United Kingdom,5163,newcastle-upon-tyne
460,460,461,"Albany, OR",United States,3424,albany
461,461,462,Daejeon,South Korea,2191,daejeon
462,462,463,"Lafayette, LA",United States,3525,lafayette
463,463,464,"Chania, Crete",Greece,3647,chania
464,464,465,Tartu,Estonia,3312,tartu
465,465,466,"Elkhart, IN",United States,3333,elkhart
466,466,467,Constantine,Algeria,1503,constantine
467,467,468,Benin City,Nigeria,1613,benin-city
468,468,469,"Porterville, CA",United States,3436,porterville
469,469,470,Hohhot,China,1576,hohhot
470,470,471,Mombasa,Kenya,1690,mombasa
471,471,472,Oulu,Finland,3136,oulu
472,472,473,"Minot, ND",United States,3323,minot
473,473,474,"Johnson City, TN",United States,3392,johnson-city
474,474,475,"Enid, OK",United States,3298,enid
475,475,476,Huainan,China,1518,huainan
476,476,477,"Kingsport, TN",United States,3433,kingsport
477,477,478,"Uluwatu, Bali",Indonesia,2260,uluwatu
478,478,479,"Owensboro, KY",United States,3266,owensboro
479,479,480,Graz,Austria,3288,graz
480,480,481,Kollam,India,2242,kollam
481,481,482,"Fresno, CA",United States,3396,fresno
482,482,483,"Colorado Springs, CO",United States,3544,colorado-springs
483,483,484,Reykjavik,Iceland,6854,reykjavik
484,484,485,"Aurora, IL",United States,3423,aurora
485,485,486,Bath,United Kingdom,5922,bath
486,486,487,Vasai,India,1722,vasai
487,487,488,Alexandria,Egypt,1477,alexandria
488,488,489,Katowice,Poland,2912,katowice
489,489,490,Casablanca,Morocco,2157,casablanca
490,490,491,Apia,Samoa,2856,apia
491,491,492,Gwangju,South Korea,2187,gwangju
492,492,493,Kosice,Slovakia,2939,kosice
493,493,494,"Kuta, Bali",Indonesia,1344,kuta
494,494,495,San Luis Potosi,Mexico,1823,san-luis-potosi
495,495,496,Jiamusi,China,1416,jiamusi
496,496,497,Intag Valley,Ecuador,1426,intag-valley
497,497,498,"Providence, RI",United States,3808,providence
498,498,499,"Fort Wayne, IN",United States,3335,fort-wayne
499,499,500,Abbotsford,Canada,3783,abbotsford
500,500,501,Aberdeen,United Kingdom,6643,aberdeen
501,501,502,"Terre Haute, IN",United States,3255,terre-haute
502,502,503,"Billings, MT",United States,3200,billings
503,503,504,El Alto,Bolivia,1155,el-alto
504,504,505,"Springdale, AR",United States,3484,springdale
505,505,506,Montreal,Canada,4214,montreal
506,506,507,Dahab,Egypt,1304,dahab
507,507,508,"Decatur, IL",United States,3178,decatur
508,508,509,Shantou,China,1283,shantou
509,509,510,Hagen,Germany,3019,hagen
510,510,511,"San Francisco, CA",United States,6395,san-francisco
511,511,512,Alanya,Turkey,2236,alanya
512,512,513,"Shreveport, LA",United States,3505,shreveport
513,513,514,Amman,Jordan,2369,amman
514,514,515,Karlsruhe,Germany,3143,karlsruhe
515,515,516,Stuttgart,Germany,3835,stuttgart
516,516,517,Leicester,United Kingdom,4081,leicester
517,517,518,"Erie, PA",United States,3474,erie
518,518,519,"Idaho Falls, ID",United States,3407,idaho-falls
519,519,520,Lianyungang,China,1418,lianyungang
520,520,521,"Montgomery, AL",United States,3486,montgomery
521,521,522,Vientiane,Laos,991,vientiane
522,522,523,Jena,Germany,3155,jena
523,523,524,"Reading, PA",United States,3592,reading
524,524,525,Panajachel,Guatemala,1545,panajachel
525,525,526,Birmingham,United Kingdom,3906,birmingham
526,526,527,"Oregon City, OR",United States,3440,oregon-city
527,527,528,Antananarivo,Madagascar,1472,antananarivo
528,528,529,Campinas,Brazil,1741,campinas
529,529,530,Willemstad,Curaçao,4020,willemstad
530,530,531,Northampton,United Kingdom,3411,northampton
531,531,532,"College Station, TX",United States,3767,college-station
532,532,533,Bucaramanga,Colombia,1498,bucaramanga
533,533,534,Fredericton,Canada,3542,fredericton
534,534,535,"Virginia Beach, VA",United States,3713,virginia-beach
535,535,536,Belem,Brazil,2039,belem
536,536,537,Belo Horizonte,Brazil,1426,belo-horizonte
537,537,538,Kaunas,Lithuania,2437,kaunas
538,538,539,"Huntsville, AL",United States,3461,huntsville
539,539,540,"Spokane Valley, WA",United States,3395,spokane-valley
540,540,541,Beijing,China,2732,beijing
541,541,542,Rotterdam,Netherlands,5172,rotterdam
542,542,543,"Modesto, CA",United States,3421,modesto
543,543,544,"Dubuque, IA",United States,3561,dubuque
544,544,545,"Ashland, OR",United States,3542,ashland
545,545,546,Agadir,Morocco,2062,agadir
546,546,547,Brisbane,Australia,5494,brisbane
547,547,548,"St. Cloud, MN",United States,3549,st.-cloud
548,548,549,Jilin,China,1732,jilin
549,549,550,Budapest,Hungary,4361,budapest
550,550,551,Bremen,Germany,3199,bremen
551,551,552,Rzeszow,Poland,2196,rzeszow
552,552,553,Durban,South Africa,2562,durban
553,553,554,"St. Louis, MO",United States,3794,st.-louis
554,554,555,"Rogers, AR",United States,3512,rogers
555,555,556,"Corpus Christi, TX",United States,3755,corpus-christi
556,556,557,Taichung,Taiwan,2122,taichung
557,557,558,Rabat,Morocco,2189,rabat
558,558,559,"Grand Rapids, MI",United States,3915,grand-rapids
559,559,560,Puebla,Mexico,2055,puebla
560,560,561,"Utica, NY",United States,3516,utica
561,561,562,Georgetown,Guyana,2558,georgetown
562,562,563,Liberia,Costa Rica,1927,liberia
563,563,564,"Turlock, CA",United States,3558,turlock
564,564,565,Podgorica,Montenegro,2194,podgorica
565,565,566,"Rochester, MN",United States,3689,rochester
566,566,567,"Casper, WY",United States,3555,casper
567,567,568,Toluca,Mexico,1439,toluca
568,568,569,"Grand Junction, CO",United States,3444,grand-junction
569,569,570,León,Nicaragua,1368,leon
570,570,571,Cixi,China,1950,cixi
571,571,572,Quanzhou,China,1562,quanzhou
572,572,573,Dublin,Ireland,5056,dublin
573,573,574,Patras,Greece,2925,patras
574,574,575,Changshu,China,1792,changshu
575,575,576,Kigali,Rwanda,2167,kigali
576,576,577,Lyon,France,3793,lyon
577,577,578,Vang Vieng,Laos,1208,vang-vieng
578,578,579,"Sioux Falls, SD",United States,3576,sioux-falls
579,579,580,"Lawrence, KS",United States,3581,lawrence
580,580,581,Hua Hin,Thailand,2484,hua-hin
581,581,582,Baku,Azerbaijan,1638,baku
582,582,583,Oshawa,Canada,4065,oshawa
583,583,584,Barranquilla,Colombia,1486,barranquilla
584,584,585,Dongguan,China,1888,dongguan
585,585,586,"Reno, NV",United States,3682,reno
586,586,587,Shanghai,China,3380,shanghai
587,587,588,Lille,France,4479,lille
588,588,589,"Conway, AR",United States,3476,conway
589,589,590,Bishkek,Kyrgyzstan,1291,bishkek
590,590,591,Zhanjiang,China,1302,zhanjiang
591,591,592,Limassol,Cyprus,3878,limassol
592,592,593,Weifang,China,1304,weifang
593,593,594,"Eau Claire, WI",United States,3729,eau-claire
594,594,595,Liuzhou,China,1709,liuzhou
595,595,596,Port Harcourt,Nigeria,1420,port-harcourt
596,596,597,Suwon,South Korea,2511,suwon
597,597,598,Cozumel,Mexico,2499,cozumel
598,598,599,"Toledo, OH",United States,3666,toledo
599,599,600,Brazzaville,Congo,1884,brazzaville
600,600,601,Jiangmen,China,1999,jiangmen
601,601,602,"High Point, NC",United States,3743,high-point
602,602,603,"St. Joseph, MO",United States,3472,st.-joseph
603,603,604,Astana,Kazakhstan,1746,astana
604,604,605,"Springfield, IL",United States,3375,springfield
605,605,606,"Kenosha, WI",United States,3591,kenosha
606,606,607,"Knoxville, TN",United States,3797,knoxville
607,607,608,Nottingham,United Kingdom,4020,nottingham
608,608,609,"Clarksville, TN",United States,3558,clarksville
609,609,610,"Oakland, CA",United States,4134,oakland
610,610,611,Guayaquil,Ecuador,1668,guayaquil
611,611,612,Pasto,Colombia,1549,pasto
612,612,613,Bahawalpur,Pakistan,859,bahawalpur
613,613,614,"Visalia, CA",United States,3699,visalia
614,614,615,Liverpool,United Kingdom,4437,liverpool
615,615,616,Pune,India,2722,pune
616,616,617,"Hesperia, CA",United States,3654,hesperia
617,617,618,St. Catharines,Canada,3965,st.-catharines
618,618,619,Oslo,Norway,5069,oslo
619,619,620,Jyvaskyla,Finland,3610,jyvaskyla
620,620,621,"Greensboro, NC",United States,3686,greensboro
621,621,622,"Scranton, PA",United States,3648,scranton
622,622,623,Taiyuan,China,1299,taiyuan
623,623,624,Anyang,China,1786,anyang
624,624,625,Ao Nang,Thailand,2119,ao-nang
625,625,626,Recife,Brazil,2181,recife
626,626,627,Zurich,Switzerland,6842,zurich
627,627,628,"Boulder, CO",United States,4358,boulder
628,628,629,"Bloomington, IN",United States,3718,bloomington
629,629,630,"Bakersfield, CA",United States,3748,bakersfield
630,630,631,Asansol,India,2357,asansol
631,631,632,"Cleveland, OH",United States,3991,cleveland
632,632,633,Port Said,Egypt,1481,port-said
633,633,634,Bandar Seri Begawan,Brunei,2195,bandar-seri-begawan
634,634,635,"Apple Valley, CA",United States,3733,apple-valley
635,635,636,"Gulfport, MS",United States,3868,gulfport
636,636,637,Uberlandia,Brazil,1459,uberlandia
637,637,638,"Boise, ID",United States,3955,boise
638,638,639,"Wichita Falls, TX",United States,3712,wichita-falls
639,639,640,Boracay,Philippines,2481,boracay
640,640,641,"Topeka, KS",United States,3472,topeka
641,641,642,"Lodi, CA",United States,3579,lodi
642,642,643,"Provo, UT",United States,4003,provo
643,643,644,"Bridgeport, CT",United States,3965,bridgeport
644,644,645,Nanaimo,Canada,3903,nanaimo
645,645,646,Geneva,Switzerland,6574,geneva
646,646,647,Shijiazhuang,China,1271,shijiazhuang
647,647,648,Hannover,Germany,3729,hannover
648,648,649,"Palm Bay, FL",United States,3816,palm-bay
649,649,650,Zhongshan,China,1633,zhongshan
650,650,651,Tel Aviv,Israel,5606,tel-aviv
651,651,652,Salta,Argentina,2669,salta
652,652,653,Boumerdas,Algeria,1609,boumerdas
653,653,654,Moncton,Canada,4288,moncton
654,654,655,Manchester,United Kingdom,4331,manchester
655,655,656,Ko Chang,Thailand,1934,ko-chang
656,656,657,Fukuoka,Japan,3771,fukuoka
657,657,658,"Little Rock, AR",United States,3646,little-rock
658,658,659,"Augusta, GA",United States,3842,augusta
659,659,660,Nanning,China,1831,nanning
660,660,661,"Anchorage, AK",United States,3869,anchorage
661,661,662,Mar del Plata,Argentina,2422,mar-del-plata
662,662,663,Barrie,Canada,3805,barrie
663,663,664,"Bridgeton, MO",United States,3800,bridgeton
664,664,665,"Rockford, IL",United States,3522,rockford
665,665,666,Chachapoyas,Peru,1320,chachapoyas
666,666,667,Sargodha,Pakistan,1383,sargodha
667,667,668,"La Crosse, WI",United States,3862,la-crosse
668,668,669,Multan,Pakistan,1744,multan
669,669,670,Tangshan,China,1359,tangshan
670,670,671,"Charlotte, NC",United States,4044,charlotte
671,671,672,"Ann Arbor, MI",United States,3901,ann-arbor
672,672,673,Xi An,China,1387,xi-an
673,673,674,"Great Falls, MT",United States,3712,great-falls
674,674,675,Indore,India,2097,indore
675,675,676,Zhengzhou,China,1460,zhengzhou
676,676,677,"Hoover, AL",United States,3999,hoover
677,677,678,Allahabad,India,2408,allahabad
678,678,679,Zhoukou,China,1798,zhoukou
679,679,680,"Oxnard, CA",United States,4173,oxnard
680,680,681,Bodrum,Turkey,2484,bodrum
681,681,682,"Helena, MT",United States,3759,helena
682,682,683,"Abilene, TX",United States,3873,abilene
683,683,684,Maracaibo,Venezuela,1496,maracaibo
684,684,685,"Pueblo, CO",United States,3613,pueblo
685,685,686,Chennai,India,2407,chennai
686,686,687,Salento,Colombia,1308,salento
687,687,688,Yantai,China,1551,yantai
688,688,689,Budva,Montenegro,2523,budva
689,689,690,Algiers,Algeria,1906,algiers
690,690,691,Luton,United Kingdom,4349,luton
691,691,692,"Anderson, IN",United States,3535,anderson
692,692,693,"Appleton, WI",United States,3835,appleton
693,693,694,Utrecht,Netherlands,4588,utrecht
694,694,695,Lake Como,Italy,2856,lake-como
695,695,696,"Corvallis, OR",United States,3877,corvallis
696,696,697,Managua,Nicaragua,1668,managua
697,697,698,Banjul,Gambia,1388,banjul
698,698,699,Konya,Turkey,1553,konya
699,699,700,"Yakima, WA",United States,3675,yakima
700,700,701,Urumqi,China,1710,urumqi
701,701,702,Toulouse,France,3250,toulouse
702,702,703,Campos dos Goytacazes,Brazil,1673,campos-dos-goytacazes
703,703,704,Changchun,China,1996,changchun
704,704,705,"Jackson, TN",United States,3701,jackson
705,705,706,Abuja,Nigeria,2119,abuja
706,706,707,"Olympia, WA",United States,3833,olympia
707,707,708,Lubumbashi,DR Congo,1995,lubumbashi
708,708,709,"Tulare, CA",United States,3933,tulare
709,709,710,Thessaloniki,Greece,4166,thessaloniki
710,710,711,Erlangen,Germany,3544,erlangen
711,711,712,"Eugene, OR",United States,3857,eugene
712,712,713,Brasilia,Brazil,2295,brasilia
713,713,714,A Coruna,Spain,2946,a-coruna
714,714,715,"Waukegan, IL",United States,3909,waukegan
715,715,716,"Iowa City, IA",United States,3897,iowa-city
716,716,717,Javea,Spain,4297,javea
717,717,718,Linyi,China,1111,linyi
718,718,719,San Salvador,El Salvador,1849,san-salvador
719,719,720,San Juan del Sur,Nicaragua,2352,san-juan-del-sur
720,720,721,Kisangani,DR Congo,1781,kisangani
721,721,722,Nijmegen,Netherlands,4220,nijmegen
722,722,723,Ouagadougou,Burkina Faso,1563,ouagadougou
723,723,724,"Carson City, NV",United States,3812,carson-city
724,724,725,"Pensacola, FL",United States,3962,pensacola
725,725,726,Klaipeda,Lithuania,2579,klaipeda
726,726,727,"Rapid City, SD",United States,3627,rapid-city
727,727,728,"Peoria, IL",United States,3730,peoria
728,728,729,Kumasi,Ghana,1143,kumasi
729,729,730,Cordoba,Spain,3379,cordoba
730,730,731,Hangzhou,China,1577,hangzhou
731,731,732,"Auburn, AL",United States,4132,auburn
732,732,733,"Janesville, WI",United States,3871,janesville
733,733,734,Bocas del Toro,Panama,2823,bocas-del-toro
734,734,735,Taizhou,China,1663,taizhou
735,735,736,Zunyi,China,1444,zunyi
736,736,737,"Baton Rouge, LA",United States,3703,baton-rouge
737,737,738,"Joliet, IL",United States,4060,joliet
738,738,739,"Lansing, MI",United States,3784,lansing
739,739,740,"Casa Grande, AZ",United States,4071,casa-grande
740,740,741,Portsmouth,United Kingdom,4351,portsmouth
741,741,742,"Wilmington, NC",United States,4158,wilmington
742,742,743,"Omaha, NE",United States,3880,omaha
743,743,744,Raipur,India,2655,raipur
744,744,745,"Lexington, KY",United States,3831,lexington
745,745,746,"Grand Forks, ND",United States,3796,grand-forks
746,746,747,Baoding,China,1266,baoding
747,747,748,Gujranwala,Pakistan,1491,gujranwala
748,748,749,"St. George, UT",United States,4019,st.-george
749,749,750,"Merced, CA",United States,3908,merced
750,750,751,"Yuba City, CA",United States,3820,yuba-city
751,751,752,Granada,Spain,3373,granada
752,752,753,Ranchi,India,2306,ranchi
753,753,754,"Cheyenne, WY",United States,3875,cheyenne
754,754,755,Rawalpindi,Pakistan,1164,rawalpindi
755,755,756,Nanyang,China,1249,nanyang
756,756,757,Niamey,Niger,2016,niamey
757,757,758,Palermo,Italy,4585,palermo
758,758,759,Luoyang,China,1858,luoyang
759,759,760,Lome,Togo,1093,lome
760,760,761,Coventry,United Kingdom,4257,coventry
761,761,762,"Bend, OR",United States,4080,bend
762,762,763,Nuku'alofa,Tonga,2855,nuku'alofa
763,763,764,Sao Luis,Brazil,1925,sao-luis
764,764,765,"Mobile, AL",United States,3998,mobile
765,765,766,"Columbia, MO",United States,3845,columbia
766,766,767,Yinchuan,China,1557,yinchuan
767,767,768,Bournemouth,United Kingdom,4419,bournemouth
768,768,769,Praia,Cape Verde,2531,praia
769,769,770,"Scottsdale, AZ",United States,4341,scottsdale
770,770,771,Wuhu,China,1512,wuhu
771,771,772,"Medford, OR",United States,3997,medford
772,772,773,Maracay,Venezuela,1760,maracay
773,773,774,Dhaka,Bangladesh,1684,dhaka
774,774,775,Vienna,Austria,5016,vienna
775,775,776,Handan,China,1538,handan
776,776,777,Mamaia,Romania,3592,mamaia
777,777,778,Islamabad,Pakistan,1729,islamabad
778,778,779,"Bellingham, WA",United States,4187,bellingham
779,779,780,Zaria,Nigeria,903,zaria
780,780,781,Huambo,Angola,1630,huambo
781,781,782,Fuzhou,China,2302,fuzhou
782,782,783,Jundiaí,Brazil,1868,jundiai
783,783,784,Kunshan,China,2206,kunshan
784,784,785,Lanzhou,China,1885,lanzhou
785,785,786,"Port St. Lucie, FL",United States,4284,port-st.-lucie
786,786,787,La Serena,Chile,2670,la-serena
787,787,788,Aalborg,Denmark,4154,aalborg
788,788,789,"Manchester, NH",United States,4212,manchester
789,789,790,Shaoxing,China,1691,shaoxing
790,790,791,Sharjah,United Arab Emirates,3374,sharjah
791,791,792,Venice,Italy,6842,venice
792,792,793,"Warner Robins, GA",United States,3987,warner-robins
793,793,794,Duhok,Kurdistan,2584,duhok
794,794,795,Datong,China,2298,datong
795,795,796,Mendoza,Argentina,2592,mendoza
796,796,797,Essaouira,Morocco,1715,essaouira
797,797,798,Espoo,Finland,4298,espoo
798,798,799,Soweto,South Africa,1993,soweto
799,799,800,Caye Caulker,Belize,3779,caye-caulker
800,800,801,Kirkuk,Kurdistan,1849,kirkuk
801,801,802,Guelph,Canada,4179,guelph
802,802,803,Lusaka,Zambia,2066,lusaka
803,803,804,"Kearney, NE",United States,3883,kearney
804,804,805,Cali,Colombia,1413,cali
805,805,806,Yangshuo,China,1971,yangshuo
806,806,807,"Milwaukee, WI",United States,4256,milwaukee
807,807,808,Glasgow,United Kingdom,4849,glasgow
808,808,809,"Allentown, PA",United States,4027,allentown
809,809,810,"Enterprise, NV",United States,4179,enterprise
810,810,811,Qinhuangdao,China,1781,qinhuangdao
811,811,812,Ushuaia,Argentina,2907,ushuaia
812,812,813,"Cody, WY",United States,3995,cody
813,813,814,"Hemet, CA",United States,4241,hemet
814,814,815,Dili,East Timor,2055,dili
815,815,816,Nanchang,China,1142,nanchang
816,816,817,Oran,Algeria,1809,oran
817,817,818,Anápolis,Brazil,2004,anapolis
818,818,819,"Stockton, CA",United States,3940,stockton
819,819,820,Harbin,China,1754,harbin
820,820,821,Karachi,Pakistan,1270,karachi
821,821,822,Vitória,Brazil,1999,vitoria
822,822,823,Ghent,Belgium,3927,ghent
823,823,824,Wenling,China,1610,wenling
824,824,825,Qiqihar,China,1719,qiqihar
825,825,826,Xining,China,1518,xining
826,826,827,Kano,Nigeria,2341,kano
827,827,828,Cork,Ireland,4657,cork
828,828,829,Zibo,China,1584,zibo
829,829,830,Nicosia,Cyprus,3554,nicosia
830,830,831,Nantes,France,3399,nantes
831,831,832,"Fairfield, CA",United States,3997,fairfield
832,832,833,"Lynchburg, VA",United States,4081,lynchburg
833,833,834,Putian,China,1990,putian
834,834,835,Thane,India,2916,thane
835,835,836,Bhopal,India,2333,bhopal
836,836,837,Abidjan,Cote d'Ivoire,2138,abidjan
837,837,838,"Normal, IL",United States,3954,normal
838,838,839,Douala,Cameroon,1613,douala
839,839,840,"Phoenix, AZ",United States,4439,phoenix
840,840,841,Puerto Vallarta,Mexico,3682,puerto-vallarta
841,841,842,Kotor,Montenegro,3304,kotor
842,842,843,Thiruvananthapuram,India,2952,thiruvananthapuram
843,843,844,Nashik,India,2843,nashik
844,844,845,Pamplona,Spain,3514,pamplona
845,845,846,Leeuwarden,Netherlands,4054,leeuwarden
846,846,847,Pyongyang,North Korea,2039,pyongyang
847,847,848,Bristol,United Kingdom,5190,bristol
848,848,849,"Schenectady, NY",United States,4111,schenectady
849,849,850,"Nashua, NH",United States,4186,nashua
850,850,851,Shenyang,China,1771,shenyang
851,851,852,"Logan, UT",United States,4093,logan
852,852,853,"Manhattan, KS",United States,4035,manhattan
853,853,854,"Spokane, WA",United States,4122,spokane
854,854,855,Kunming,China,2353,kunming
855,855,856,Juarez,Mexico,1796,juarez
856,856,857,"Riverside, CA",United States,4509,riverside
857,857,858,"Bloomington, IL",United States,4103,bloomington
858,858,859,Sihanoukville,Cambodia,1636,sihanoukville
859,859,860,Marbella,Spain,4121,marbella
860,860,861,Xiangtan,China,1524,xiangtan
861,861,862,Yichang,China,1561,yichang
862,862,863,The Hague,Netherlands,5023,the-hague
863,863,864,"Greeley, CO",United States,4171,greeley
864,864,865,Nantong,China,2325,nantong
865,865,866,Montevideo,Uruguay,3174,montevideo
866,866,867,Dunedin,New Zealand,6995,dunedin
867,867,868,Peshawar,Pakistan,1076,peshawar
868,868,869,"Tallahassee, FL",United States,4158,tallahassee
869,869,870,Xuzhou,China,1104,xuzhou
870,870,871,"Beacon, NY",United States,4266,beacon
871,871,872,"Champaign, IL",United States,4056,champaign
872,872,873,Hagatna,Guam,4011,hagatna
873,873,874,Kinmen,Taiwan,2820,kinmen
874,874,875,Sorocaba,Brazil,2048,sorocaba
875,875,876,Zhangjiakou,China,1895,zhangjiakou
876,876,877,Paris,France,5422,paris
877,877,878,"Tracy, CA",United States,4186,tracy
878,878,879,"Sioux City, IA",United States,4135,sioux-city
879,879,880,Dushanbe,Tajikistan,1110,dushanbe
880,880,881,Adelaide,Australia,5525,adelaide
881,881,882,"Greenville, SC",United States,4036,greenville
882,882,883,Wonsan,North Korea,1821,wonsan
883,883,884,Dortmund,Germany,4145,dortmund
884,884,885,Huddersfield,United Kingdom,4458,huddersfield
885,885,886,Sendai,Japan,2665,sendai
886,886,887,"Bradenton, FL",United States,4416,bradenton
887,887,888,Sialkot,Pakistan,1671,sialkot
888,888,889,"Orlando, FL",United States,4863,orlando
889,889,890,San Juan,Puerto Rico,4581,san-juan
890,890,891,Sulaymaniyah,Kurdistan,2560,sulaymaniyah
891,891,892,Ningbo,China,1980,ningbo
892,892,893,Tianjin,China,2180,tianjin
893,893,894,Nice,France,4107,nice
894,894,895,"Hartford, CT",United States,4231,hartford
895,895,896,"Sparks, NV",United States,4219,sparks
896,896,897,"Marysville, WA",United States,4172,marysville
897,897,898,Breda,Netherlands,4305,breda
898,898,899,"Weston, FL",United States,4466,weston
899,899,900,"Harrisonburg, VA",United States,4223,harrisonburg
900,900,901,Conakry,Guinea,1635,conakry
901,901,902,Brampton,Canada,4687,brampton
902,902,903,Kelowna,Canada,5548,kelowna
903,903,904,Leeds,United Kingdom,5132,leeds
904,904,905,Kingston,Jamaica,3772,kingston
905,905,906,Tebessa,Algeria,1946,tebessa
906,906,907,Hvar,Croatia,3169,hvar
907,907,908,Port-au-Prince,Haiti,2109,port-au-prince
908,908,909,Campo Grande,Brazil,2114,campo-grande
909,909,910,Tegucigalpa,Honduras,1826,tegucigalpa
910,910,911,Dalian,China,2058,dalian
911,911,912,"Princeton, NJ",United States,4506,princeton
912,912,913,Onitsha,Nigeria,2121,onitsha
913,913,914,Ko Phi Phi,Thailand,2579,ko-phi-phi
914,914,915,Bielefeld,Germany,3967,bielefeld
915,915,916,Salvador,Brazil,2430,salvador
916,916,917,Rennes,France,3511,rennes
917,917,918,"Vineland, NJ",United States,4061,vineland
918,918,919,Brussels,Belgium,5360,brussels
919,919,920,"Hilo, Hawaii",United States,5623,hilo
920,920,921,"Sandpoint, ID",United States,4230,sandpoint
921,921,922,Zhuzhou,China,1679,zhuzhou
922,922,923,"Canton, OH",United States,4151,canton
923,923,924,Quetta,Pakistan,1471,quetta
924,924,925,Mbuji-Mayi,DR Congo,1921,mbuji-mayi
925,925,926,"Missoula, MT",United States,4216,missoula
926,926,927,"Kauai, Hawaii",United States,8522,kauai
927,927,928,Kananga,DR Congo,1827,kananga
928,928,929,"Daytona Beach, FL",United States,4554,daytona-beach
929,929,930,São José dos Campos,Brazil,2161,sao-jose-dos-campos
930,930,931,"Ithaca, NY",United States,4443,ithaca
931,931,932,Qingdao,China,2015,qingdao
932,932,933,"New Haven, CT",United States,4656,new-haven
933,933,934,Manama,Bahrain,3763,manama
934,934,935,"Grand Island, NE",United States,4199,grand-island
935,935,936,"Manteca, CA",United States,4339,manteca
936,936,937,Nanjing,China,2351,nanjing
937,937,938,Ottawa,Canada,5194,ottawa
938,938,939,Maseru,Lesotho,1612,maseru
939,939,940,Galway,Ireland,6320,galway
940,940,941,Santa Marta,Colombia,1891,santa-marta
941,941,942,Dhanbad,India,2949,dhanbad
942,942,943,Hof,Germany,3996,hof
943,943,944,Nagoya,Japan,3158,nagoya
944,944,945,Qom,Iran,1989,qom
945,945,946,Bern,Switzerland,6590,bern
946,946,947,Zhucheng,China,1910,zhucheng
947,947,948,Canberra,Australia,6990,canberra
948,948,949,Tehran,Iran,2913,tehran
949,949,950,Hobart,Australia,5457,hobart
950,950,951,Kassel,Germany,3686,kassel
951,951,952,Rhodes,Greece,3914,rhodes
952,952,953,Aarhus,Denmark,4859,aarhus
953,953,954,Torreon,Mexico,2325,torreon
954,954,955,Puerto Viejo,Costa Rica,3367,puerto-viejo
955,955,956,Wuhan,China,2091,wuhan
956,956,957,"Key West, FL",United States,8186,key-west
957,957,958,"Flagstaff, AZ",United States,4504,flagstaff
958,958,959,"Fort Lauderdale, FL",United States,5491,fort-lauderdale
959,959,960,Šumperk,Czechia,4192,sumperk
960,960,961,Joao Pessoa,Brazil,2095,joao-pessoa
961,961,962,Valparaíso,Chile,2999,valparaiso
962,962,963,Wollongong,Australia,5190,wollongong
963,963,964,Yamoussoukro,Cote d'Ivoire,2390,yamoussoukro
964,964,965,"Melbourne, FL",United States,4671,melbourne
965,965,966,"Dayton, OH",United States,4420,dayton
966,966,967,Mashhad,Iran,1872,mashhad
967,967,968,Chifeng,China,2663,chifeng
968,968,969,"Philadelphia, PA",United States,5157,philadelphia
969,969,970,"Redding, CA",United States,4283,redding
970,970,971,"Frederick, MD",United States,4334,frederick
971,971,972,Bar,Montenegro,3048,bar
972,972,973,Norwich,United Kingdom,4816,norwich
973,973,974,Eindhoven,Netherlands,5616,eindhoven
974,974,975,Fort McMurray,Canada,4347,fort-mcmurray
975,975,976,San Ignacio,Belize,2992,san-ignacio
976,976,977,Southampton,United Kingdom,4764,southampton
977,977,978,Halifax,Canada,4683,halifax
978,978,979,Ko Lipe,Thailand,2588,ko-lipe
979,979,980,Byron Bay,Australia,5611,byron-bay
980,980,981,Tabriz,Iran,1338,tabriz
981,981,982,"Worcester, MA",United States,4356,worcester
982,982,983,Revelstoke,Canada,4287,revelstoke
983,983,984,Mexicali,Mexico,2466,mexicali
984,984,985,"Duluth, MN",United States,4446,duluth
985,985,986,"Palo Alto, CA",United States,5743,palo-alto
986,986,987,Ulaanbaatar,Mongolia,1959,ulaanbaatar
987,987,988,"Baltimore, MD",United States,4585,baltimore
988,988,989,Oranjestad,Aruba,7652,oranjestad
989,989,990,Oxford,United Kingdom,5587,oxford
990,990,991,"Richland, WA",United States,4534,richland
991,991,992,"Coeur d'Alene, ID",United States,4561,coeur-d'alene
992,992,993,Grenoble,France,3941,grenoble
993,993,994,Gaborone,Botswana,2958,gaborone
994,994,995,York,United Kingdom,4778,york
995,995,996,Sheffield,United Kingdom,5832,sheffield
996,996,997,Tanchon,North Korea,1659,tanchon
997,997,998,Marseille,France,3731,marseille
998,998,999,Sayulita,Mexico,3246,sayulita
999,999,1000,"Memphis, TN",United States,4490,memphis
1000,1000,1001,"Detroit, MI",United States,4679,detroit
1001,1001,1002,Kaechon,North Korea,1624,kaechon
1002,1002,1003,"San Jose, CA",United States,5014,san-jose
1003,1003,1004,"Sacramento, CA",United States,5481,sacramento
1004,1004,1005,Luanda,Angola,3082,luanda
1005,1005,1006,Hull,United Kingdom,4798,hull
1006,1006,1007,"West Palm Beach, FL",United States,5506,west-palm-beach
1007,1007,1008,Strasbourg,France,4007,strasbourg
1008,1008,1009,Antwerp,Belgium,4771,antwerp
1009,1009,1010,"Mountain View, CA",United States,5946,mountain-view
1010,1010,1011,Florence,Italy,5646,florence
1011,1011,1012,"Bellevue, NE",United States,4433,bellevue
1012,1012,1013,Beersheba,Israel,4111,beersheba
1013,1013,1014,Port of Spain,Trinidad and Tobago,3404,port-of-spain
1014,1014,1015,Lilongwe,Malawi,2619,lilongwe
1015,1015,1016,Darwin,Australia,5837,darwin
1016,1016,1017,Macau,China,3944,macau
1017,1017,1018,"Newport Beach, CA",United States,5922,newport-beach
1018,1018,1019,Fushun,China,2523,fushun
1019,1019,1020,Laayoune,Western Sahara,1771,laayoune
1020,1020,1021,Comporta,Portugal,5983,comporta
1021,1021,1022,Montanita,Ecuador,2839,montanita
1022,1022,1023,Nouakchott,Mauritania,1927,nouakchott
1023,1023,1024,"Santa Barbara, CA",United States,5941,santa-barbara
1024,1024,1025,Rome,Italy,5111,rome
1025,1025,1026,Kuwait City,Kuwait,3313,kuwait-city
1026,1026,1027,Copan,Honduras,2258,copan
1027,1027,1028,Cairns,Australia,4916,cairns
1028,1028,1029,Kaesong,North Korea,1998,kaesong
1029,1029,1030,Cardiff,United Kingdom,6617,cardiff
1030,1030,1031,Chengdu,China,3525,chengdu
1031,1031,1032,Cambridge,United Kingdom,6974,cambridge
1032,1032,1033,"Oshkosh, WI",United States,4610,oshkosh
1033,1033,1034,Scheveningen,Netherlands,5863,scheveningen
1034,1034,1035,Cavtat,Croatia,3886,cavtat
1035,1035,1036,Cheltenham,United Kingdom,6467,cheltenham
1036,1036,1037,Larnaca,Cyprus,4248,larnaca
1037,1037,1038,Xiamen,China,2524,xiamen
1038,1038,1039,Tromso,Norway,6639,tromso
1039,1039,1040,"Pasco, WA",United States,4549,pasco
1040,1040,1041,"Monterey, CA",United States,5663,monterey
1041,1041,1042,Belize City,Belize,3204,belize-city
1042,1042,1043,San Pedro Sula,Honduras,2104,san-pedro-sula
1043,1043,1044,Dammam,Saudi Arabia,2186,dammam
1044,1044,1045,Leuven,Belgium,4268,leuven
1045,1045,1046,Faisalabad,Pakistan,2292,faisalabad
1046,1046,1047,"Ogden, UT",United States,4647,ogden
1047,1047,1048,Zandvoort,Netherlands,5678,zandvoort
1048,1048,1049,"Portland, ME",United States,5124,portland
1049,1049,1050,"Petaluma, CA",United States,4662,petaluma
1050,1050,1051,Wanaka,New Zealand,8948,wanaka
1051,1051,1052,"Charleston, SC",United States,6151,charleston
1052,1052,1053,Funafuti,Tuvalu,3032,funafuti
1053,1053,1054,Zwolle,Netherlands,4767,zwolle
1054,1054,1055,Arnhem,Netherlands,4307,arnhem
1055,1055,1056,Sliema,Malta,4894,sliema
1056,1056,1057,Abu Dhabi,United Arab Emirates,4721,abu-dhabi
1057,1057,1058,Bruges,Belgium,4372,bruges
1058,1058,1059,Kitakyushu,Japan,3267,kitakyushu
1059,1059,1060,"Lake Tahoe, CA",United States,6881,lake-tahoe
1060,1060,1061,Port Vila,Vanuatu,3296,port-vila
1061,1061,1062,Sinuiju,North Korea,1881,sinuiju
1062,1062,1063,Trondheim,Norway,5299,trondheim
1063,1063,1064,"Menlo Park, CA",United States,6360,menlo-park
1064,1064,1065,"San Mateo, CA",United States,5018,san-mateo
1065,1065,1066,"Fort Myers, FL",United States,6441,fort-myers
1066,1066,1067,Milan,Italy,6221,milan
1067,1067,1068,Edmonton,Canada,5063,edmonton
1068,1068,1069,Bergen,Norway,5459,bergen
1069,1069,1070,Freetown,Sierra Leone,2486,freetown
1070,1070,1071,Haarlem,Netherlands,5643,haarlem
1071,1071,1072,"Stamford, CT",United States,5549,stamford
1072,1072,1073,Muscat,Oman,3051,muscat
1073,1073,1074,Whistler,Canada,6981,whistler
1074,1074,1075,Ube,Japan,3160,ube
1075,1075,1076,Lelystad,Netherlands,4599,lelystad
1076,1076,1077,"Galveston, TX",United States,6605,galveston
1077,1077,1078,"Midland, TX",United States,4844,midland
1078,1078,1079,George Town,Cayman Islands,4724,george-town
1079,1079,1080,Okayama,Japan,3126,okayama
1080,1080,1081,"Okinawa City, Okinawa",Japan,4760,okinawa-city
1081,1081,1082,Cannes,France,6921,cannes
1082,1082,1083,Texel,Netherlands,5484,texel
1083,1083,1084,"Cape Coral, FL",United States,5316,cape-coral
1084,1084,1085,Shenzhen,China,3296,shenzhen
1085,1085,1086,"Lake Havasu City, AZ",United States,5456,lake-havasu-city
1086,1086,1087,Pisa,Italy,4440,pisa
1087,1087,1088,Dededo,Guam,4661,dededo
1088,1088,1089,"Park City, UT",United States,6066,park-city
1089,1089,1090,Gibraltar,Gibraltar,5788,gibraltar
1090,1090,1091,Itapema,Brazil,2790,itapema
1091,1091,1092,Monaco,Monaco,7919,monaco
1092,1092,1093,"Indio, CA",United States,6518,indio
1093,1093,1094,"Santa Fe, NM",United States,4508,santa-fe
1094,1094,1095,Bordeaux,France,4596,bordeaux
1095,1095,1096,"Lanzarote, Canary Islands",Spain,4092,lanzarote
1096,1096,1097,"Santa Maria, CA",United States,4890,santa-maria
1097,1097,1098,"Fairfax, VA",United States,4941,fairfax
1098,1098,1099,"Sarasota, FL",United States,5587,sarasota
1099,1099,1100,Caracas,Venezuela,2199,caracas
1100,1100,1101,"Port Orange, FL",United States,5679,port-orange
1101,1101,1102,Alesund,Norway,4656,alesund
1102,1102,1103,Shiraz,Iran,2455,shiraz
1103,1103,1104,"Carlsbad, CA",United States,5383,carlsbad
1104,1104,1105,Hefei,China,2896,hefei
1105,1105,1106,Deventer,Netherlands,4663,deventer
1106,1106,1107,"Lake Charles, LA",United States,4871,lake-charles
1107,1107,1108,Annecy,France,4017,annecy
1108,1108,1109,Chamonix,France,5933,chamonix
1109,1109,1110,Tulum,Mexico,4835,tulum
1110,1110,1111,"Oceanside, CA",United States,5292,oceanside
1111,1111,1112,Bursa,Turkey,3131,bursa
1112,1112,1113,"Plantation, FL",United States,7602,plantation
1113,1113,1114,"Bonita Springs, FL",United States,6073,bonita-springs
1114,1114,1115,Manaus,Brazil,2670,manaus
1115,1115,1116,"Henderson, NV",United States,4790,henderson
1116,1116,1117,"Temecula, CA",United States,5337,temecula
1117,1117,1118,Reading,United Kingdom,5080,reading
1118,1118,1119,"Santa Rosa, CA",United States,4928,santa-rosa
1119,1119,1120,Yaounde,Cameroon,2147,yaounde
1120,1120,1121,"Fort Collins, CO",United States,5445,fort-collins
1121,1121,1122,"Tuscaloosa, AL",United States,5425,tuscaloosa
1122,1122,1123,Doha,Qatar,7781,doha
1123,1123,1124,Lugano,Switzerland,7753,lugano
1124,1124,1125,"Palm Desert, CA",United States,8747,palm-desert
1125,1125,1126,Shrewsbury,United Kingdom,6986,shrewsbury
1126,1126,1127,Honiara,Solomon Islands,3577,honiara
1127,1127,1128,Accra,Ghana,3126,accra
1128,1128,1129,"Vista, CA",United States,5526,vista
1129,1129,1130,"Savannah, GA",United States,4999,savannah
1130,1130,1131,"Cathedral City, CA",United States,7137,cathedral-city
1131,1131,1132,Iquique,Chile,3436,iquique
1132,1132,1133,"Winston, NC",United States,4855,winston
1133,1133,1134,"Centennial, CO",United States,4850,centennial
1134,1134,1135,"San Clemente, CA",United States,5131,san-clemente
1135,1135,1136,Waterloo,Canada,8249,waterloo
1136,1136,1137,Nagasaki,Japan,3570,nagasaki
1137,1137,1138,"Salem, MA",United States,4847,salem
1138,1138,1139,Zhuhai,China,2716,zhuhai
1139,1139,1140,Guilin,China,2400,guilin
1140,1140,1141,Heidelberg,Germany,4518,heidelberg
1141,1141,1142,"Green Bay, WI",United States,5761,green-bay
1142,1142,1143,Road Town,British Virgin Islands,6350,road-town
1143,1143,1144,Bologna,Italy,4674,bologna
1144,1144,1145,"Elgin, IL",United States,5068,elgin
1145,1145,1146,"Brentwood, CA",United States,5178,brentwood
1146,1146,1147,Kamiyama,Japan,3288,kamiyama
1147,1147,1148,Kobe,Japan,3800,kobe
1148,1148,1149,Kralendijk,Caribbean Netherlands,4059,kralendijk
1149,1149,1150,Saint Helier,Jersey,6719,saint-helier
1150,1150,1151,Osaka,Japan,4837,osaka
1151,1151,1152,Ibiza,Spain,6896,ibiza
1152,1152,1153,Wenzhou,China,2548,wenzhou
1153,1153,1154,"Kennewick, WA",United States,5495,kennewick
1154,1154,1155,Salzburg,Austria,4768,salzburg
1155,1155,1156,"Murrieta, CA",United States,5255,murrieta
1156,1156,1157,Tilburg,Netherlands,5593,tilburg
1157,1157,1158,Haifa,Israel,4898,haifa
1158,1158,1159,Avignon,France,4113,avignon
1159,1159,1160,Banff,Canada,6338,banff
1160,1160,1161,"San Angelo, TX",United States,5040,san-angelo
1161,1161,1162,"Beaverton, OR",United States,5063,beaverton
1162,1162,1163,Rethymno,Greece,4448,rethymno
1163,1163,1164,Santa Teresa,Costa Rica,5443,santa-teresa
1164,1164,1165,Jamestown,Saint Helena,6624,jamestown
1165,1165,1166,Antofagasta,Chile,3526,antofagasta
1166,1166,1167,Naples,Italy,5142,naples
1167,1167,1168,Isfahan,Iran,2432,isfahan
1168,1168,1169,Lausanne,Switzerland,6098,lausanne
1169,1169,1170,Puning,China,2820,puning
1170,1170,1171,Basel,Switzerland,6099,basel
1171,1171,1172,Montego Bay,Jamaica,5610,montego-bay
1172,1172,1173,Zhangzhou,China,2945,zhangzhou
1173,1173,1174,Kyoto,Japan,4320,kyoto
1174,1174,1175,Genoa,Italy,4667,genoa
1175,1175,1176,"Verdi, NV",United States,5130,verdi
1176,1176,1177,Hamhung,North Korea,2253,hamhung
1177,1177,1178,Avarua,Cook Islands,4135,avarua
1178,1178,1179,Rui'an,China,2683,rui'an
1179,1179,1180,"Incline Village, NV",United States,9762,incline-village
1180,1180,1181,Almere,Netherlands,6374,almere
1181,1181,1182,Trento,Italy,4527,trento
1182,1182,1183,Erbil,Kurdistan,3336,erbil
1183,1183,1184,Baotou,China,3250,baotou
1184,1184,1185,"Taos, NM",United States,5259,taos
1185,1185,1186,Viña del Mar,Chile,3720,vina-del-mar
1186,1186,1187,"Napa, CA",United States,6191,napa
1187,1187,1188,Cabo San Lucas,Mexico,3692,cabo-san-lucas
1188,1188,1189,Trieste,Italy,4568,trieste
1189,1189,1190,"Bozeman, MT",United States,5280,bozeman
1190,1190,1191,Foshan,China,3101,foshan
1191,1191,1192,Arendal,Norway,7028,arendal
1192,1192,1193,Tsushima Island,Japan,3810,tsushima-island
1193,1193,1194,Dijon,France,4400,dijon
1194,1194,1195,Darmstadt,Germany,4663,darmstadt
1195,1195,1196,McMurdo Station,Antarctica,13202,mcmurdo-station
1196,1196,1197,Stanley,Falkland Islands,5834,stanley
1197,1197,1198,Yokohama,Japan,3994,yokohama
1198,1198,1199,Padova,Italy,4897,padova
1199,1199,1200,Yangzhou,China,2824,yangzhou
1200,1200,1201,Innsbruck,Austria,5612,innsbruck
1201,1201,1202,Luxembourg,Luxembourg,5720,luxembourg
1202,1202,1203,San Sebastian,Spain,5635,san-sebastian
1203,1203,1204,Hamilton,Bermuda,10572,hamilton
1204,1204,1205,Biarritz,France,4248,biarritz
1205,1205,1206,Amundsen-Scott,Antarctica,12328,amundsen-scott
1206,1206,1207,Riyadh,Saudi Arabia,3265,riyadh
1207,1207,1208,Santorini,Greece,5004,santorini
1208,1208,1209,Kagoshima,Japan,3811,kagoshima
1209,1209,1210,"Torshavn, Faroe Islands",Denmark,5200,torshavn
1210,1210,1211,Rovaniemi,Finland,8309,rovaniemi
1211,1211,1212,Mykonos,Greece,6441,mykonos
1212,1212,1213,Nassau,The Bahamas,6621,nassau
1213,1213,1214,Cagliari,Italy,4442,cagliari
1214,1214,1215,Jarabacoa,Dominican Republic,3638,jarabacoa
1215,1215,1216,Bilbao,Spain,4384,bilbao
1216,1216,1217,Anshan,China,2614,anshan
1217,1217,1218,Dusseldorf,Germany,4893,dusseldorf
1218,1218,1219,Chongjin,North Korea,2264,chongjin
1219,1219,1220,Charlotte Amalie,United States Virgin Islands,7562,charlotte-amalie
1220,1220,1221,Brighton,United Kingdom,6112,brighton
1221,1221,1222,Modena,Italy,5318,modena
1222,1222,1223,Interlaken,Switzerland,7681,interlaken
1223,1223,1224,Jeddah,Saudi Arabia,3030,jeddah
1224,1224,1225,Gold Coast,Australia,6014,gold-coast
1225,1225,1226,Suzhou,China,3342,suzhou
1226,1226,1227,Zhangjiagang,China,3079,zhangjiagang
1227,1227,1228,Belfast,United Kingdom,4701,belfast
1228,1228,1229,Monza,Italy,4472,monza
1229,1229,1230,Treviso,Italy,4722,treviso
1230,1230,1231,Mecca,Saudi Arabia,3250,mecca
1231,1231,1232,Libreville,Gabon,3345,libreville
1232,1232,1233,Yiwu,China,3027,yiwu
1233,1233,1234,Tarifa,Spain,5021,tarifa
1234,1234,1235,Sariwon,North Korea,2671,sariwon
1235,1235,1236,Ashgabat,Turkmenistan,4667,ashgabat
1236,1236,1237,Nampo,North Korea,2706,nampo
1237,1237,1238,Kinshasa,DR Congo,3417,kinshasa
1238,1238,1239,Jerusalem,Israel,5102,jerusalem
1239,1239,1240,Ferrara,Italy,4736,ferrara
1240,1240,1241,St. Gallen,Switzerland,6939,st.-gallen
1241,1241,1242,Trier,Germany,5095,trier
1242,1242,1243,Weihai,China,3378,weihai
1243,1243,1244,Rouen,France,4741,rouen
1244,1244,1245,Changsha,China,3464,changsha
1245,1245,1246,Huzhou,China,3863,huzhou
1246,1246,1247,Male,Maldives,4793,male
1247,1247,1248,Verona,Italy,5260,verona
1248,1248,1249,Medina,Saudi Arabia,3535,medina
1249,1249,1250,Wuxi,China,3376,wuxi
1250,1250,1251,Philipsburg,Sint Maarten,6240,philipsburg
1251,1251,1252,Bay Islands,Honduras,3477,bay-islands
1252,1252,1253,Rimini,Italy,6315,rimini
1253,1253,1254,Bari,Italy,6305,bari
1254,1254,1255,Hiroshima,Japan,4383,hiroshima
1255,1255,1256,Avellino,Italy,4082,avellino
1256,1256,1257,Tengzhou,China,3374,tengzhou
1257,1257,1258,Xiangyang,China,3371,xiangyang
1258,1258,1259,Amalfi,Italy,5481,amalfi
1259,1259,1260,Mancora,Peru,3938,mancora
1260,1260,1261,Lucca,Italy,5046,lucca
1261,1261,1262,Ahvaz,Iran,3236,ahvaz
1262,1262,1263,Bridgetown,Barbados,6137,bridgetown
1263,1263,1264,King Edward Point,South Georgia and the South Sandwich Islands,10909,king-edward-point
1264,1264,1265,Vatican City,Vatican City,5565,vatican-city
1265,1265,1266,Port Moresby,Papua New Guinea,3872,port-moresby
1266,1266,1267,Victoria,Seychelles,5106,victoria
1267,1267,1268,Basse-Terre,Guadeloupe,3648,basse-terre
1268,1268,1269,Cayenne,French Guiana,3518,cayenne
1269,1269,1270,St John's,Antigua and Barbuda,5315,st-john's
1270,1270,1271,Tamarindo,Costa Rica,4901,tamarindo
1271,1271,1272,Cabarete,Dominican Republic,4565,cabarete
1272,1272,1273,"Ajaccio, Corsica",France,5056,ajaccio
1273,1273,1274,Siena,Italy,5833,siena
1274,1274,1275,Nuuk,Greenland,5031,nuuk
1275,1275,1276,Dorobō,Japan,4117,dorobo
1276,1276,1277,Turin,Italy,5538,turin
1277,1277,1278,Sapporo,Japan,5753,sapporo
1278,1278,1279,Hamamatsu,Japan,6256,hamamatsu
1279,1279,1280,San Pedro,Belize,4648,san-pedro
1280,1280,1281,Isla Mujeres,Mexico,7067,isla-mujeres
1281,1281,1282,Andorra la Vella,Andorra,5752,andorra-la-vella
1282,1282,1283,San Pedro de Atacama,Chile,5050,san-pedro-de-atacama
1283,1283,1284,"Nago, Okinawa",Japan,4791,nago
1284,1284,1285,Martinique,Martinique,6410,martinique
1285,1285,1286,Punta del Este,Uruguay,5223,punta-del-este
1286,1286,1287,Punta Cana,Dominican Republic,5119,punta-cana
1287,1287,1288,Monrovia,Liberia,4512,monrovia
1288,1288,1289,Chongqing,China,4413,chongqing
1289,1289,1290,Exeter,United Kingdom,5352,exeter
1290,1290,1291,Djibouti,Djibouti,4422,djibouti
1291,1291,1292,Nouméa,New Caledonia,5824,noumea
1292,1292,1293,Tabaranã do Norte,Brazil,5482,tabarana-do-norte
1293,1293,1294,N'Djamena,Chad,5521,n'djamena
1294,1294,1295,Obninsk,Russia,2025,obninsk
1295,1295,1296,Tripoli,Libya,1920,tripoli
1296,1296,1297,Novocherkassk,Russia,2163,novocherkassk
1297,1297,1298,Juba,South Sudan,2649,juba
1298,1298,1299,Ivano-Frankivsk,Ukraine,1043,ivano-frankivsk
1299,1299,1300,Sochi,Russia,2867,sochi
1300,1300,1301,Kaliningrad,Russia,2797,kaliningrad
1301,1301,1302,Tomsk,Russia,2124,tomsk
1302,1302,1303,Vladivostok,Russia,2694,vladivostok
1303,1303,1304,Ulyanovsk,Russia,1925,ulyanovsk
1304,1304,1305,Izhevsk,Russia,2172,izhevsk
1305,1305,1306,Benghazi,Libya,3314,benghazi
1306,1306,1307,Krivoy-Rog,Ukraine,1399,krivoy-rog
1307,1307,1308,Khartoum,Sudan,928,khartoum
1308,1308,1309,Mosul,Iraq,1774,mosul
1309,1309,1310,Lviv,Ukraine,1698,lviv
1310,1310,1311,Bangui,Central African Republic,1523,bangui
1311,1311,1312,Krasnodar,Russia,1932,krasnodar
1312,1312,1313,Homs,Syria,2279,homs
1313,1313,1314,Asmara,Eritrea,1972,asmara
1314,1314,1315,Saratov,Russia,2255,saratov
1315,1315,1316,Hama,Syria,2229,hama
1316,1316,1317,Naypyidaw,Myanmar,1219,naypyidaw
1317,1317,1318,Dnipro,Ukraine,1282,dnipro
1318,1318,1319,Odessa,Ukraine,1338,odessa
1319,1319,1320,Krasnoyarsk,Russia,2340,krasnoyarsk
1320,1320,1321,Volgograd,Russia,3861,volgograd
1321,1321,1322,Ufa,Russia,2182,ufa
1322,1322,1323,Rostov-on-Don,Russia,1945,rostov-on-don
1323,1323,1324,Chelyabinsk,Russia,2110,chelyabinsk
1324,1324,1325,Omsk,Russia,1698,omsk
1325,1325,1326,Kazan,Russia,3393,kazan
1326,1326,1327,Samara,Russia,2701,samara
1327,1327,1328,Maputo,Mozambique,2211,maputo
1328,1328,1329,Mandalay,Myanmar,1618,mandalay
1329,1329,1330,Nizhny,Russia,3585,nizhny
1330,1330,1331,Mogadishu,Somalia,2531,mogadishu
1331,1331,1332,Kharkiv,Ukraine,1191,kharkiv
1332,1332,1333,Yekaterinburg,Russia,2392,yekaterinburg
1333,1333,1334,Novosibirsk,Russia,2144,novosibirsk
1334,1334,1335,Sana'a,Yemen,1544,sana'a
1335,1335,1336,Damascus,Syria,3751,damascus
1336,1336,1337,Minsk,Belarus,1535,minsk
1337,1337,1338,Aleppo,Syria,1905,aleppo
1338,1338,1339,Basra,Iraq,2413,basra
1339,1339,1340,Addis Ababa,Ethiopia,1660,addis-ababa
1340,1340,1341,Kyiv,Ukraine,1202,kyiv
1341,1341,1342,Kabul,Afghanistan,1839,kabul
1342,1342,1343,Bamako,Mali,2157,bamako
1343,1343,1344,Dar es Salaam,Tanzania,1745,dar-es-salaam
1344,1344,1345,Saint Petersburg,Russia,2377,saint-petersburg
1345,1345,1346,Yangon,Myanmar,1357,yangon
1346,1346,1347,Baghdad,Iraq,1907,baghdad
1347,1347,1348,Moscow,Russia,3032,moscow
