,Rank,City,Country,Cost of Living
0,1,Lisbon,Portugal,"$3,337"
1,2,Bangkok,Thailand,"$2,084"
2,3,"Canggu, Bali",Indonesia,"$1,922"
3,4,Chiang Mai,Thailand,"$1,309"
4,5,Buenos Aires,Argentina,"$2,014"
5,6,Madeira,Portugal,"$2,102"
6,7,Mexico City,Mexico,"$1,797"
7,8,Berlin,Germany,"$3,760"
8,9,Timisoara,Romania,"$1,571"
9,10,Bengaluru,India,"$1,272"
10,11,"Gran Canaria, Canary Islands",Spain,"$1,895"
11,12,Cape Town,South Africa,"$3,131"
12,13,Porto,Portugal,"$2,987"
13,14,Medellín,Colombia,"$1,491"
14,15,Penang,Malaysia,"$1,040"
15,16,Portimão,Portugal,"$2,171"
16,17,Kuala Lumpur,Malaysia,"$1,767"
17,18,"Fuerteventura, Canary Islands",Spain,"$2,261"
18,19,"Lagos, Algarve",Portugal,"$2,074"
19,20,Ko Pha Ngan,Thailand,"$2,391"
20,21,"Tenerife, Canary Islands",Spain,"$2,786"
21,22,Nairobi,Kenya,"$1,632"
22,23,Brasov,Romania,"$1,796"
23,24,Istanbul,Turkey,"$2,196"
24,25,Tbilisi,Georgia,"$2,024"
25,26,Warsaw,Poland,"$2,735"
26,27,Ho Chi Minh City,Vietnam,"$1,365"
27,28,Hyderabad,India,"$1,195"
28,29,Kathmandu,Nepal,"$1,254"
29,30,Cebu,Philippines,"$1,510"
30,31,Varna,Bulgaria,"$1,702"
31,32,"Ubud, Bali",Indonesia,"$1,968"
32,33,Da Nang,Vietnam,"$1,169"
33,34,Tallinn,Estonia,"$2,591"
34,35,Delhi,India,"$1,303"
35,36,Belgrade,Serbia,"$2,472"
36,37,Manila,Philippines,"$1,730"
37,38,Sofia,Bulgaria,"$2,123"
38,39,Cluj,Romania,"$2,221"
39,40,"Seminyak, Bali",Indonesia,"$1,671"
40,41,"Seseh, Bali",Indonesia,$504
41,42,Guadalajara,Mexico,"$1,615"
42,43,"San Antonio, TX",United States,"$3,258"
43,44,Kraków,Poland,"$2,401"
44,45,Luang Prabang,Laos,"$1,317"
45,46,Gdansk,Poland,"$2,351"
46,47,Phuket,Thailand,"$2,956"
47,48,Davao,Philippines,"$1,413"
48,49,Lima,Peru,"$1,441"
49,50,Perth,Australia,"$3,808"
50,51,Brno,Czechia,"$2,350"
51,52,"Atlanta, GA",United States,"$3,554"
52,53,Zagreb,Croatia,"$2,679"
53,54,Dresden,Germany,"$3,169"
54,55,Mallorca,Spain,"$2,770"
55,56,Antalya,Turkey,"$2,070"
56,57,Munich,Germany,"$4,012"
57,58,Barcelona,Spain,"$3,988"
58,59,Zadar,Croatia,"$2,283"
59,60,Monterrey,Mexico,"$1,589"
60,61,"Austin, TX",United States,"$4,071"
61,62,"Dallas, TX",United States,"$3,674"
62,63,Azores,Portugal,"$2,080"
63,64,Ploiesti,Romania,"$1,592"
64,65,Palawan,Philippines,"$1,472"
65,66,Prague,Czechia,"$3,130"
66,67,Plovdiv,Bulgaria,"$2,043"
67,68,"Tampa, FL",United States,"$3,746"
68,69,Ericeira,Portugal,"$3,772"
69,70,Taghazout,Morocco,"$1,562"
70,71,Phu Quoc,Vietnam,"$1,440"
71,72,Constanta,Romania,"$1,975"
72,73,Cuenca,Ecuador,"$1,846"
73,74,Siem Reap,Cambodia,"$1,604"
74,75,Havana,Cuba,"$1,951"
75,76,Wrocław,Poland,"$2,542"
76,77,Hanoi,Vietnam,"$1,141"
77,78,Playa del Carmen,Mexico,"$2,744"
78,79,Queretaro,Mexico,"$1,800"
79,80,Cancun,Mexico,"$2,281"
80,81,Puerto Escondido,Mexico,"$1,732"
81,82,Krabi,Thailand,"$1,918"
82,83,Port Louis,Mauritius,"$2,504"
83,84,Jakarta,Indonesia,"$1,490"
84,85,Bucharest,Romania,"$1,922"
85,86,Hoi An,Vietnam,"$1,050"
86,87,Agra,India,$966
87,88,Johannesburg,South Africa,"$2,749"
88,89,Amritsar,India,"$1,098"
89,90,Skopje,North Macedonia,"$1,257"
90,91,Seoul,South Korea,"$3,010"
91,92,London,United Kingdom,"$5,332"
92,93,Haikou,China,"$1,568"
93,94,Novi Sad,Serbia,"$2,144"
94,95,Mumbai,India,"$1,850"
95,96,Nis,Serbia,"$1,426"
96,97,Jodhpur,India,"$1,324"
97,98,Pokhara,Nepal,$926
98,99,Goa,India,"$1,294"
99,100,Braga,Portugal,"$2,109"
100,101,Antigua,Guatemala,"$1,714"
101,102,Taipei,Taiwan,"$2,888"
102,103,Leipzig,Germany,"$2,914"
103,104,Busan,South Korea,"$2,654"
104,105,Makati,Philippines,"$1,983"
105,106,"New York City, NY",United States,"$6,483"
106,107,Ljubljana,Slovenia,"$3,979"
107,108,"Senggigi, Lombok",Indonesia,$904
108,109,Bratislava,Slovakia,"$2,471"
109,110,Marrakesh,Morocco,"$2,730"
110,111,Jaipur,India,"$1,109"
111,112,São Paulo,Brazil,"$2,215"
112,113,Seville,Spain,"$3,036"
113,114,"Salt Lake City, UT",United States,"$3,263"
114,115,Athens,Greece,"$3,819"
115,116,Rio de Janeiro,Brazil,"$2,458"
116,117,Mysore,India,"$1,346"
117,118,Colombo,Sri Lanka,"$1,391"
118,119,"Tucson, AZ",United States,"$3,723"
119,120,Szczecin,Poland,"$2,169"
120,121,Galapagos Islands,Ecuador,"$1,838"
121,122,Oaxaca,Mexico,"$1,917"
122,123,Phnom Penh,Cambodia,"$1,610"
123,124,Toronto,Canada,"$4,307"
124,125,Siargao,Philippines,"$1,577"
125,126,Vancouver,Canada,"$4,173"
126,127,"Minneapolis, MN",United States,"$3,902"
127,128,Dubrovnik,Croatia,"$2,717"
128,129,Poznan,Poland,"$2,294"
129,130,Bansko,Bulgaria,"$2,613"
130,131,Sydney,Australia,"$5,533"
131,132,Stockholm,Sweden,"$3,991"
132,133,Nha Trang,Vietnam,"$1,237"
133,134,Aveiro,Portugal,"$2,636"
134,135,Kota Kinabalu,Malaysia,"$1,759"
135,136,Faro,Portugal,"$1,997"
136,137,Amsterdam,Netherlands,"$6,399"
137,138,Hamburg,Germany,"$3,989"
138,139,Yerevan,Armenia,"$2,307"
139,140,Noida,India,"$1,285"
140,141,Porto Alegre,Brazil,"$1,633"
141,142,Nakhon Ratchasima,Thailand,"$1,229"
142,143,General Santos,Philippines,"$1,551"
143,144,Split,Croatia,"$3,349"
144,145,Hubli,India,$851
145,146,Quito,Ecuador,"$2,235"
146,147,"Portland, OR",United States,"$3,980"
147,148,Kanpur,India,"$1,347"
148,149,Rijeka,Croatia,"$1,865"
149,150,Pattaya,Thailand,"$1,710"
150,151,"Beaumont, TX",United States,"$2,661"
151,152,Ko Samui,Thailand,"$1,927"
152,153,Groningen,Netherlands,"$4,236"
153,154,Mostar,Bosnia,"$2,026"
154,155,Lublin,Poland,"$1,707"
155,156,Riga,Latvia,"$2,504"
156,157,Costa da Caparica,Portugal,"$3,452"
157,158,Arugam Bay,Sri Lanka,$894
158,159,Kuching,Malaysia,"$1,783"
159,160,Cordoba,Argentina,"$1,561"
160,161,Adana,Turkey,"$1,328"
161,162,Madurai,India,"$1,259"
162,163,Vilnius,Lithuania,"$3,157"
163,164,"Brownsville, TX",United States,"$2,754"
164,165,Galle,Sri Lanka,"$1,667"
165,166,"San Diego, CA",United States,"$4,616"
166,167,La Plata,Argentina,"$1,653"
167,168,Pretoria,South Africa,"$2,313"
168,169,Kaohsiung,Taiwan,"$2,630"
169,170,Lucknow,India,$838
170,171,Beirut,Lebanon,"$2,639"
171,172,Guangzhou,China,"$1,699"
172,173,Valencia,Spain,"$3,923"
173,174,Sarajevo,Bosnia,"$2,353"
174,175,Melbourne,Australia,"$5,306"
175,176,Singapore,Singapore,"$5,484"
176,177,Copenhagen,Denmark,"$5,980"
177,178,Dubai,United Arab Emirates,"$3,866"
178,179,Winnipeg,Canada,"$3,222"
179,180,"Harlingen, TX",United States,"$2,805"
180,181,Auckland,New Zealand,"$5,133"
181,182,Izmir,Turkey,"$1,416"
182,183,Merida,Mexico,"$1,613"
183,184,Kandy,Sri Lanka,"$1,001"
184,185,Bareilly,India,$904
185,186,Port Elizabeth,South Africa,"$2,258"
186,187,Grande Prairie,Canada,"$2,863"
187,188,Chisinau,Moldova,"$1,914"
188,189,Pristina,Kosovo,"$2,083"
189,190,"Jimbaran, Bali",Indonesia,"$1,211"
190,191,Ahmedabad,India,"$1,246"
191,192,Ipoh,Malaysia,"$1,412"
192,193,"Lubbock, TX",United States,"$2,819"
193,194,Craiova,Romania,"$1,546"
194,195,Tampere,Finland,"$4,173"
195,196,San Miguel de Allende,Mexico,"$2,752"
196,197,Kochi,India,"$1,050"
197,198,Johor Bahru,Malaysia,"$1,347"
198,199,Santiago,Chile,"$2,092"
199,200,Burgas,Bulgaria,"$2,438"
200,201,Harare,Zimbabwe,"$2,603"
201,202,"Fayetteville, NC",United States,"$2,813"
202,203,Kozhikode,India,"$1,122"
203,204,Paramaribo,Suriname,"$1,982"
204,205,Malappuram,India,$716
205,206,El Jadida,Morocco,"$1,277"
206,207,"Honolulu, Hawaii",United States,"$8,828"
207,208,Alicante,Spain,"$3,924"
208,209,Lodz,Poland,"$2,170"
209,210,Nagpur,India,"$1,581"
210,211,Jeju Island,South Korea,"$2,273"
211,212,Malmö,Sweden,"$3,193"
212,213,"McAllen, TX",United States,"$2,940"
213,214,Bandung,Indonesia,"$1,273"
214,215,La Paz,Mexico,"$1,390"
215,216,"Laredo, TX",United States,"$3,021"
216,217,Vadodara,India,"$2,047"
217,218,Kota,India,$983
218,219,La Union,Philippines,"$2,077"
219,220,Paphos,Cyprus,"$3,316"
220,221,Meerut,India,"$1,721"
221,222,Surrey,Canada,"$3,321"
222,223,Malacca,Malaysia,"$1,497"
223,224,Florianopolis,Brazil,"$2,776"
224,225,"Gainesville, FL",United States,"$3,061"
225,226,Tokyo,Japan,"$4,040"
226,227,Thrissur,India,"$1,152"
227,228,Cartagena,Colombia,"$1,671"
228,229,Ludhiana,India,$835
229,230,San José,Costa Rica,"$2,728"
230,231,Asuncion,Paraguay,"$1,538"
231,232,"Sanur, Bali",Indonesia,"$1,105"
232,233,Lake Balaton,Hungary,"$2,151"
233,234,"Tyler, TX",United States,"$2,873"
234,235,"Menorca, Menorca",Spain,"$2,594"
235,236,Bogota,Colombia,"$1,344"
236,237,Gurgaon,India,"$1,581"
237,238,Pai,Thailand,"$1,444"
238,239,Helsinki,Finland,"$4,462"
239,240,Visakhapatnam,India,"$1,103"
240,241,Osijek,Croatia,"$2,045"
241,242,Coimbra,Portugal,"$3,224"
242,243,Chiang Rai,Thailand,"$1,333"
243,244,Vijayawada,India,"$1,183"
244,245,Gwalior,India,$839
245,246,"Youngstown, OH",United States,"$2,747"
246,247,"Louisville, KY",United States,"$3,126"
247,248,"Columbus, OH",United States,"$3,220"
248,249,Regina,Canada,"$3,148"
249,250,Hermosillo,Mexico,"$1,555"
250,251,Moradabad,India,"$1,040"
251,252,Kalyan,India,"$1,193"
252,253,"Nashville, TN",United States,"$4,378"
253,254,"Waterloo, IA",United States,"$2,880"
254,255,Almaty,Kazakhstan,"$2,043"
255,256,Tirana,Albania,"$1,917"
256,257,Aurangabad,India,"$1,405"
257,258,Jabalpur,India,"$1,246"
258,259,"Las Vegas, NV",United States,"$5,476"
259,260,Tirupur,India,$816
260,261,Da Lat,Vietnam,"$1,066"
261,262,Aligarh,India,"$1,286"
262,263,Lagos,Nigeria,"$1,897"
263,264,"Davenport, IA",United States,"$2,703"
264,265,Fortaleza,Brazil,"$1,558"
265,266,Guanajuato,Mexico,"$2,420"
266,267,"Conroe, TX",United States,"$3,091"
267,268,"Battle Creek, MI",United States,"$2,755"
268,269,Jamshedpur,India,$959
269,270,Chittagong,Bangladesh,"$1,211"
270,271,"Buffalo, NY",United States,"$3,267"
271,272,"Amed, Bali",Indonesia,"$1,361"
272,273,"Los Angeles, CA",United States,"$5,101"
273,274,Tashkent,Uzbekistan,"$1,458"
274,275,Chandigarh,India,"$1,388"
275,276,Baguio,Philippines,"$2,039"
276,277,"Madison, WI",United States,"$3,317"
277,278,Ankara,Turkey,"$1,280"
278,279,Hue,Vietnam,"$1,087"
279,280,Wellington,New Zealand,"$4,959"
280,281,Turku,Finland,"$3,016"
281,282,Luxor,Egypt,"$1,030"
282,283,Calgary,Canada,"$3,569"
283,284,Changzhou,China,"$1,400"
284,285,"Pocatello, ID",United States,"$2,935"
285,286,Aachen,Germany,"$3,239"
286,287,Malang,Indonesia,"$1,075"
287,288,"Indianapolis, IN",United States,"$3,616"
288,289,"Bowling Green, KY",United States,"$2,958"
289,290,Iasi,Romania,"$1,917"
290,291,Minca,Colombia,"$1,723"
291,292,Banja Luka,Bosnia,"$1,689"
292,293,"Amarillo, TX",United States,"$2,849"
293,294,"Syracuse, NY",United States,"$3,060"
294,295,Chatham,Canada,"$3,068"
295,296,"Cincinnati, OH",United States,"$3,176"
296,297,Coimbatore,India,"$1,189"
297,298,"Pekanbaru, Sumatra",Indonesia,$967
298,299,McLeod Ganj,India,"$1,214"
299,300,"Denver, CO",United States,"$4,705"
300,301,"Columbus, GA",United States,"$3,138"
301,302,Arequipa,Peru,"$1,042"
302,303,Quebec City,Canada,"$3,544"
303,304,Santa Cruz,Bolivia,"$1,269"
304,305,Hong Kong,Hong Kong,"$3,879"
305,306,Patna,India,"$1,072"
306,307,Livingstone,Zambia,"$2,047"
307,308,Surabaya,Indonesia,"$1,005"
308,309,"Boston, MA",United States,"$5,638"
309,310,"Albuquerque, NM",United States,"$3,176"
310,311,"Medan, Sumatra",Indonesia,$889
311,312,Gothenburg,Sweden,"$3,470"
312,313,Queenstown,New Zealand,"$6,391"
313,314,"Port Arthur, TX",United States,"$3,178"
314,315,Varkala,India,"$1,082"
315,316,"Las Cruces, NM",United States,"$3,122"
316,317,"Dothan, AL",United States,"$2,975"
317,318,"Houston, TX",United States,"$3,673"
318,319,"Jacksonville, NC",United States,"$3,186"
319,320,"Roanoke, VA",United States,"$3,112"
320,321,"Kokomo, IN",United States,"$2,858"
321,322,"Jonesboro, AR",United States,"$2,892"
322,323,Mui Ne,Vietnam,"$1,087"
323,324,Santo Domingo,Dominican Republic,"$1,919"
324,325,"Killeen, TX",United States,"$3,096"
325,326,Langkawi,Malaysia,"$1,874"
326,327,Kitchener,Canada,"$3,738"
327,328,"Flint, MI",United States,"$2,798"
328,329,Suva,Fiji,"$3,028"
329,330,"Lancaster, CA",United States,"$3,107"
330,331,Tainan,Taiwan,"$2,952"
331,332,Saskatoon,Canada,"$3,367"
332,333,Goiania,Brazil,"$1,619"
333,334,"Bryan, TX",United States,"$3,215"
334,335,"Longview, TX",United States,"$3,091"
335,336,"Lincoln, NE",United States,"$2,903"
336,337,Ko Lanta,Thailand,"$1,897"
337,338,"Washington, DC",United States,"$5,000"
338,339,Gili Air,Indonesia,"$1,489"
339,340,Leiden,Netherlands,"$5,264"
340,341,"Edinburg, TX",United States,"$3,268"
341,342,"Denpasar, Bali",Indonesia,$874
342,343,Guwahati,India,"$1,247"
343,344,"Rochester, NY",United States,"$3,380"
344,345,Christchurch,New Zealand,"$4,149"
345,346,Cirebon,Indonesia,$911
346,347,"Odessa, TX",United States,"$3,076"
347,348,"Valdosta, GA",United States,"$3,203"
348,349,Rajkot,India,"$1,574"
349,350,La Paz,Bolivia,"$1,327"
350,351,Curitiba,Brazil,"$1,400"
351,352,"New Orleans, LA",United States,"$5,472"
352,353,"Richmond, VA",United States,"$3,196"
353,354,Ramallah,Palestine,"$2,032"
354,355,Aguascalientes,Mexico,"$1,587"
355,356,Fes,Morocco,"$1,717"
356,357,"Pharr, TX",United States,"$3,242"
357,358,El Gouna,Egypt,"$4,010"
358,359,Matara,Sri Lanka,"$1,765"
359,360,"Mission, TX",United States,"$3,304"
360,361,"Wichita, KS",United States,"$2,932"
361,362,Batumi,Georgia,"$2,631"
362,363,"Macon, GA",United States,"$3,037"
363,364,Montpellier,France,"$3,376"
364,365,Yogyakarta,Indonesia,"$1,493"
365,366,"North Little Rock, AR",United States,"$2,977"
366,367,Durg,India,"$2,071"
367,368,Cairo,Egypt,"$1,041"
368,369,Nuremberg,Germany,"$3,508"
369,370,Lahore,Pakistan,"$1,084"
370,371,Daegu,South Korea,"$2,165"
371,372,"Lawton, OK",United States,"$2,961"
372,373,"Muncie, IN",United States,"$3,058"
373,374,Tunis,Tunisia,"$1,858"
374,375,Rosario,Argentina,"$1,683"
375,376,"Jacksonville, FL",United States,"$3,623"
376,377,"Raleigh, NC",United States,"$3,508"
377,378,"Norfolk, VA",United States,"$3,249"
378,379,"Seattle, WA",United States,"$5,012"
379,380,Ibadan,Nigeria,"$1,474"
380,381,Kolkata,India,"$1,151"
381,382,Udon Thani,Thailand,"$1,079"
382,383,"Palembang, Sumatra",Indonesia,"$1,192"
383,384,Semarang,Indonesia,"$1,063"
384,385,"Burlington, NC",United States,"$3,272"
385,386,Madrid,Spain,"$4,270"
386,387,Cochabamba,Bolivia,"$1,195"
387,388,"Yuma, AZ",United States,"$3,359"
388,389,Victoria,Canada,"$4,609"
389,390,Frankfurt,Germany,"$4,052"
390,391,Tijuana,Mexico,"$1,827"
391,392,Sa Pa,Vietnam,"$1,286"
392,393,Windhoek,Namibia,"$2,060"
393,394,Panama City,Panama,"$2,661"
394,395,Kampala,Uganda,"$1,635"
395,396,"Salem, OR",United States,"$3,146"
396,397,Windsor,Canada,"$3,704"
397,398,Kaduna,Nigeria,"$1,559"
398,399,"Naha, Okinawa",Japan,"$3,333"
399,400,Surat,India,"$2,225"
400,401,Makassar,Indonesia,$894
401,402,"Bossier City, LA",United States,"$3,125"
402,403,"Pittsburgh, PA",United States,"$3,773"
403,404,Gori,Georgia,"$1,557"
404,405,"Kansas City, MO",United States,"$3,590"
405,406,Gaziantep,Turkey,"$1,395"
406,407,Surakarta,Indonesia,$956
407,408,"Bedford, OH",United States,"$3,590"
408,409,"Chico, CA",United States,"$3,268"
409,410,"Des Moines, IA",United States,"$3,519"
410,411,"Temple, TX",United States,"$3,299"
411,412,"Waco, TX",United States,"$3,264"
412,413,"Mataram, Lombok",Indonesia,"$1,184"
413,414,"Victorville, CA",United States,"$3,183"
414,415,Rishikesh,India,"$1,172"
415,416,"Chicago, IL",United States,"$4,887"
416,417,"Palmdale, CA",United States,"$3,306"
417,418,"Rocky Mount, NC",United States,"$3,320"
418,419,Giza,Egypt,"$1,269"
419,420,"Fargo, ND",United States,"$3,310"
420,421,"Chattanooga, TN",United States,"$3,460"
421,422,"Asheville, NC",United States,"$3,644"
422,423,Newcastle Upon Tyne,United Kingdom,"$5,168"
423,424,"Tulsa, OK",United States,"$3,491"
424,425,Kannur,India,"$2,014"
425,426,Cusco,Peru,"$1,884"
426,427,Gwangju,South Korea,"$2,182"
427,428,"Fort Smith, AR",United States,"$3,212"
428,429,Daejeon,South Korea,"$2,186"
429,430,Ko Tao,Thailand,"$2,127"
430,431,"Evansville, IN",United States,"$3,141"
431,432,Cologne,Germany,"$3,575"
432,433,Tangier,Morocco,"$2,129"
433,434,Malaga,Spain,"$3,483"
434,435,"Bethlehem, PA",United States,"$3,294"
435,436,"Colorado Springs, CO",United States,"$3,544"
436,437,Guatemala City,Guatemala,"$1,429"
437,438,Khulna,Bangladesh,"$1,924"
438,439,"Elkhart, IN",United States,"$3,333"
439,440,Lethbridge,Canada,"$3,967"
440,441,"Uluwatu, Bali",Indonesia,"$2,248"
441,442,"Oklahoma City, OK",United States,"$3,306"
442,443,"Joplin, MO",United States,"$3,155"
443,444,Huizhou,China,"$1,257"
444,445,Srinagar,India,"$1,130"
445,446,"Bismarck, ND",United States,"$3,225"
446,447,"Terre Haute, IN",United States,"$3,255"
447,448,"Aurora, IL",United States,"$3,423"
448,449,"Lafayette, LA",United States,"$3,525"
449,450,Varanasi,India,"$2,037"
450,451,"Miami, FL",United States,"$7,284"
451,452,"Birmingham, AL",United States,"$3,716"
452,453,Constantine,Algeria,"$1,502"
453,454,"Victoria, TX",United States,"$3,552"
454,455,Birmingham,United Kingdom,"$3,909"
455,456,Amman,Jordan,"$2,369"
456,457,Mombasa,Kenya,"$1,692"
457,458,Intag Valley,Ecuador,"$1,426"
458,459,Apia,Samoa,"$2,856"
459,460,Jiaxing,China,"$1,413"
460,461,"Chania, Crete",Greece,"$3,648"
461,462,"Palm Coast, FL",United States,"$3,404"
462,463,Benin City,Nigeria,"$1,614"
463,464,"Fort Wayne, IN",United States,"$3,335"
464,465,Casablanca,Morocco,"$2,164"
465,466,"Cedar Rapids, IA",United States,"$3,328"
466,467,Tartu,Estonia,"$3,312"
467,468,Oulu,Finland,"$3,136"
468,469,"Delano, CA",United States,"$3,362"
469,470,Graz,Austria,"$3,289"
470,471,Bath,United Kingdom,"$5,927"
471,472,Reykjavik,Iceland,"$6,795"
472,473,"Decatur, IL",United States,"$3,178"
473,474,"Ocala, FL",United States,"$3,433"
474,475,Kollam,India,"$2,236"
475,476,Bhubaneswar,India,"$1,024"
476,477,Dakar,Senegal,"$1,899"
477,478,"Albany, OR",United States,"$3,424"
478,479,Dongying,China,"$1,423"
479,480,"Enid, OK",United States,"$3,298"
480,481,Katowice,Poland,"$2,914"
481,482,"Billings, MT",United States,"$3,200"
482,483,Northampton,United Kingdom,"$3,414"
483,484,San Luis Potosi,Mexico,"$1,814"
484,485,Jinan,China,"$1,338"
485,486,"Owensboro, KY",United States,"$3,266"
486,487,"Providence, RI",United States,"$3,808"
487,488,Huainan,China,"$1,514"
488,489,"Minot, ND",United States,"$3,323"
489,490,Dahab,Egypt,"$1,300"
490,491,Abbotsford,Canada,"$3,784"
491,492,Huaibei,China,"$1,839"
492,493,Huai'an,China,"$1,327"
493,494,Aberdeen,United Kingdom,"$6,649"
494,495,San Cristóbal de las Casas,Mexico,"$1,845"
495,496,El Alto,Bolivia,"$1,157"
496,497,Vasai,India,"$1,717"
497,498,Hagen,Germany,"$3,020"
498,499,"Johnson City, TN",United States,"$3,392"
499,500,Montreal,Canada,"$4,216"
500,501,"Springdale, AR",United States,"$3,484"
501,502,"Kingsport, TN",United States,"$3,433"
502,503,Jiamusi,China,"$1,412"
503,504,Leicester,United Kingdom,"$4,085"
504,505,Belo Horizonte,Brazil,"$1,403"
505,506,Edinburgh,United Kingdom,"$5,228"
506,507,"Fresno, CA",United States,"$3,396"
507,508,Campinas,Brazil,"$1,713"
508,509,"Kuta, Bali",Indonesia,"$1,337"
509,510,Antananarivo,Madagascar,"$1,471"
510,511,Stuttgart,Germany,"$3,836"
511,512,Shantou,China,"$1,280"
512,513,Rotterdam,Netherlands,"$5,174"
513,514,Budapest,Hungary,"$4,404"
514,515,"Idaho Falls, ID",United States,"$3,407"
515,516,Belem,Brazil,"$2,007"
516,517,Jena,Germany,"$3,156"
517,518,Alexandria,Egypt,"$1,473"
518,519,Alanya,Turkey,"$2,236"
519,520,Guiyang,China,"$1,282"
520,521,Fredericton,Canada,"$3,543"
521,522,"Porterville, CA",United States,"$3,436"
522,523,Quanzhou,China,"$1,558"
523,524,Panajachel,Guatemala,"$1,551"
524,525,Willemstad,Curaçao,"$4,025"
525,526,Durban,South Africa,"$2,527"
526,527,"Virginia Beach, VA",United States,"$3,713"
527,528,Vientiane,Laos,$993
528,529,"Erie, PA",United States,"$3,474"
529,530,Bucaramanga,Colombia,"$1,497"
530,531,"St. Louis, MO",United States,"$3,794"
531,532,"Montgomery, AL",United States,"$3,486"
532,533,Kaunas,Lithuania,"$2,437"
533,534,"Reading, PA",United States,"$3,592"
534,535,"San Francisco, CA",United States,"$6,395"
535,536,"Utica, NY",United States,"$3,516"
536,537,Rabat,Morocco,"$2,196"
537,538,"Spokane Valley, WA",United States,"$3,395"
538,539,Agadir,Morocco,"$2,068"
539,540,Karlsruhe,Germany,"$3,144"
540,541,Toluca,Mexico,"$1,432"
541,542,"Dubuque, IA",United States,"$3,561"
542,543,"Rogers, AR",United States,"$3,512"
543,544,"Oregon City, OR",United States,"$3,440"
544,545,"Huntsville, AL",United States,"$3,461"
545,546,"Ashland, OR",United States,"$3,542"
546,547,Puebla,Mexico,"$2,045"
547,548,Bremen,Germany,"$3,199"
548,549,Hua Hin,Thailand,"$2,472"
549,550,Cixi,China,"$1,945"
550,551,"Grand Junction, CO",United States,"$3,444"
551,552,"Grand Rapids, MI",United States,"$3,915"
552,553,Kosice,Slovakia,"$2,940"
553,554,Georgetown,Guyana,"$2,563"
554,555,Taichung,Taiwan,"$2,122"
555,556,Liberia,Costa Rica,"$1,939"
556,557,"Corpus Christi, TX",United States,"$3,755"
557,558,"Lawrence, KS",United States,"$3,581"
558,559,León,Nicaragua,"$1,369"
559,560,"Modesto, CA",United States,"$3,421"
560,561,"Casper, WY",United States,"$3,555"
561,562,"Shreveport, LA",United States,"$3,505"
562,563,Pasto,Colombia,"$1,548"
563,564,Rzeszow,Poland,"$2,197"
564,565,"Turlock, CA",United States,"$3,558"
565,566,"College Station, TX",United States,"$3,767"
566,567,Shanghai,China,"$3,370"
567,568,"Sioux Falls, SD",United States,"$3,576"
568,569,Baku,Azerbaijan,"$1,638"
569,570,"St. Cloud, MN",United States,"$3,549"
570,571,Brisbane,Australia,"$5,457"
571,572,Limassol,Cyprus,"$3,879"
572,573,Lille,France,"$4,480"
573,574,Kigali,Rwanda,"$2,167"
574,575,Dublin,Ireland,"$5,057"
575,576,Uberlandia,Brazil,"$1,436"
576,577,Vang Vieng,Laos,"$1,210"
577,578,"Rochester, MN",United States,"$3,689"
578,579,Weifang,China,"$1,300"
579,580,Port Harcourt,Nigeria,"$1,420"
580,581,"Reno, NV",United States,"$3,682"
581,582,Oshawa,Canada,"$4,066"
582,583,Barranquilla,Colombia,"$1,485"
583,584,"Boulder, CO",United States,"$4,358"
584,585,"Toledo, OH",United States,"$3,666"
585,586,"Springfield, IL",United States,"$3,375"
586,587,"Eau Claire, WI",United States,"$3,729"
587,588,"Conway, AR",United States,"$3,476"
588,589,"High Point, NC",United States,"$3,743"
589,590,Lyon,France,"$3,794"
590,591,Boracay,Philippines,"$2,471"
591,592,Cozumel,Mexico,"$2,487"
592,593,"Kenosha, WI",United States,"$3,591"
593,594,Pune,India,"$2,714"
594,595,"St. Joseph, MO",United States,"$3,472"
595,596,Oslo,Norway,"$5,074"
596,597,Changshu,China,"$1,787"
597,598,Guayaquil,Ecuador,"$1,668"
598,599,Dongguan,China,"$1,883"
599,600,Recife,Brazil,"$2,147"
600,601,Lianyungang,China,"$1,414"
601,602,Suwon,South Korea,"$2,505"
602,603,Astana,Kazakhstan,"$1,750"
603,604,Fukuoka,Japan,"$3,741"
604,605,Natal,Brazil,"$2,288"
605,606,St. Catharines,Canada,"$3,966"
606,607,Nottingham,United Kingdom,"$4,023"
607,608,Ao Nang,Thailand,"$2,108"
608,609,"Bloomington, IN",United States,"$3,718"
609,610,"Greensboro, NC",United States,"$3,686"
610,611,"Pueblo, CO",United States,"$3,613"
611,612,Jyvaskyla,Finland,"$3,611"
612,613,"Boise, ID",United States,"$3,955"
613,614,A Coruna,Spain,"$2,947"
614,615,"Topeka, KS",United States,"$3,472"
615,616,Asansol,India,"$2,351"
616,617,Ko Chang,Thailand,"$1,925"
617,618,Podgorica,Montenegro,"$2,194"
618,619,"Palm Bay, FL",United States,"$3,816"
619,620,"Knoxville, TN",United States,"$3,797"
620,621,Zurich,Switzerland,"$6,826"
621,622,Anyang,China,"$1,781"
622,623,"Scranton, PA",United States,"$3,648"
623,624,"Rockford, IL",United States,"$3,522"
624,625,"Cleveland, OH",United States,"$3,991"
625,626,Bahawalpur,Pakistan,$859
626,627,Hohhot,China,"$1,572"
627,628,Konya,Turkey,"$1,553"
628,629,"Gulfport, MS",United States,"$3,868"
629,630,Salento,Colombia,"$1,306"
630,631,Bandar Seri Begawan,Brunei,"$2,196"
631,632,Mar del Plata,Argentina,"$2,406"
632,633,Hangzhou,China,"$1,572"
633,634,Allahabad,India,"$2,402"
634,635,"Charlotte, NC",United States,"$4,044"
635,636,Patras,Greece,"$2,926"
636,637,"Clarksville, TN",United States,"$3,558"
637,638,"Wichita Falls, TX",United States,"$3,712"
638,639,Moncton,Canada,"$4,289"
639,640,Utrecht,Netherlands,"$4,589"
640,641,"Oakland, CA",United States,"$4,134"
641,642,Boumerdas,Algeria,"$1,609"
642,643,"Bridgeton, MO",United States,"$3,800"
643,644,"Rapid City, SD",United States,"$3,627"
644,645,"Augusta, GA",United States,"$3,842"
645,646,Hannover,Germany,"$3,730"
646,647,Indore,India,"$2,091"
647,648,Port Said,Egypt,"$1,477"
648,649,"Anchorage, AK",United States,"$3,869"
649,650,Nanaimo,Canada,"$3,904"
650,651,"Bridgeport, CT",United States,"$3,965"
651,652,"Visalia, CA",United States,"$3,699"
652,653,Luton,United Kingdom,"$4,352"
653,654,"Great Falls, MT",United States,"$3,712"
654,655,Manchester,United Kingdom,"$4,335"
655,656,Barrie,Canada,"$3,807"
656,657,"La Crosse, WI",United States,"$3,862"
657,658,"Lodi, CA",United States,"$3,579"
658,659,Kisangani,DR Congo,"$1,776"
659,660,"Ann Arbor, MI",United States,"$3,901"
660,661,"Provo, UT",United States,"$4,003"
661,662,"Anderson, IN",United States,"$3,535"
662,663,Lake Como,Italy,"$2,857"
663,664,Liverpool,United Kingdom,"$4,440"
664,665,Multan,Pakistan,"$1,744"
665,666,Liuzhou,China,"$1,705"
666,667,Chachapoyas,Peru,"$1,326"
667,668,"Yakima, WA",United States,"$3,675"
668,669,Brasilia,Brazil,"$2,259"
669,670,Abuja,Nigeria,"$2,120"
670,671,"Appleton, WI",United States,"$3,835"
671,672,Tel Aviv,Israel,"$5,575"
672,673,Taizhou,China,"$1,659"
673,674,"Little Rock, AR",United States,"$3,646"
674,675,Changchun,China,"$1,990"
675,676,Chennai,India,"$2,400"
676,677,Bournemouth,United Kingdom,"$4,423"
677,678,Jiangmen,China,"$1,994"
678,679,Zhanjiang,China,"$1,298"
679,680,Maracaibo,Venezuela,"$1,496"
680,681,"Carson City, NV",United States,"$3,812"
681,682,Bishkek,Kyrgyzstan,"$1,291"
682,683,Javea,Spain,"$4,298"
683,684,Xi An,China,"$1,383"
684,685,"Hoover, AL",United States,"$3,999"
685,686,"Oxnard, CA",United States,"$4,173"
686,687,Algiers,Algeria,"$1,906"
687,688,Jilin,China,"$1,728"
688,689,"Bakersfield, CA",United States,"$3,748"
689,690,Salta,Argentina,"$2,652"
690,691,Bodrum,Turkey,"$2,484"
691,692,Lubumbashi,DR Congo,"$1,989"
692,693,Raipur,India,"$2,647"
693,694,Geneva,Switzerland,"$6,559"
694,695,Campos dos Goytacazes,Brazil,"$1,646"
695,696,"Pensacola, FL",United States,"$3,962"
696,697,Managua,Nicaragua,"$1,669"
697,698,"Helena, MT",United States,"$3,759"
698,699,Shijiazhuang,China,"$1,267"
699,700,Tangshan,China,"$1,355"
700,701,"Hesperia, CA",United States,"$3,654"
701,702,Zaria,Nigeria,$903
702,703,"Janesville, WI",United States,"$3,871"
703,704,"Casa Grande, AZ",United States,"$4,071"
704,705,Zhengzhou,China,"$1,456"
705,706,Zhongshan,China,"$1,628"
706,707,"Waukegan, IL",United States,"$3,909"
707,708,"Joliet, IL",United States,"$4,060"
708,709,Cali,Colombia,"$1,411"
709,710,"Grand Forks, ND",United States,"$3,796"
710,711,"Corvallis, OR",United States,"$3,877"
711,712,Nijmegen,Netherlands,"$4,221"
712,713,Brazzaville,Congo,"$1,885"
713,714,Erlangen,Germany,"$3,545"
714,715,"Jackson, TN",United States,"$3,701"
715,716,Wenling,China,"$1,605"
716,717,Sargodha,Pakistan,"$1,384"
717,718,Aalborg,Denmark,"$4,156"
718,719,San Juan del Sur,Nicaragua,"$2,353"
719,720,Zhoukou,China,"$1,793"
720,721,"Lansing, MI",United States,"$3,784"
721,722,"Peoria, IL",United States,"$3,730"
722,723,"Olympia, WA",United States,"$3,833"
723,724,Yantai,China,"$1,547"
724,725,San Salvador,El Salvador,"$1,849"
725,726,Ouagadougou,Burkina Faso,"$1,564"
726,727,"Abilene, TX",United States,"$3,873"
727,728,Budva,Montenegro,"$2,524"
728,729,Klaipeda,Lithuania,"$2,580"
729,730,Nanning,China,"$1,825"
730,731,Cordoba,Spain,"$3,380"
731,732,"Baton Rouge, LA",United States,"$3,703"
732,733,Granada,Spain,"$3,374"
733,734,Soweto,South Africa,"$1,966"
734,735,"Apple Valley, CA",United States,"$3,733"
735,736,Nanchang,China,"$1,138"
736,737,"Iowa City, IA",United States,"$3,897"
737,738,"Cheyenne, WY",United States,"$3,875"
738,739,Beijing,China,"$2,725"
739,740,"Eugene, OR",United States,"$3,857"
740,741,Yichang,China,"$1,556"
741,742,Kumasi,Ghana,"$1,141"
742,743,Luoyang,China,"$1,853"
743,744,Ranchi,India,"$2,299"
744,745,Portsmouth,United Kingdom,"$4,354"
745,746,Thane,India,"$2,908"
746,747,"Tulare, CA",United States,"$3,933"
747,748,Sao Luis,Brazil,"$1,894"
748,749,"Scottsdale, AZ",United States,"$4,341"
749,750,"Yuba City, CA",United States,"$3,820"
750,751,"Omaha, NE",United States,"$3,880"
751,752,La Serena,Chile,"$2,644"
752,753,Kano,Nigeria,"$2,341"
753,754,Nuku'alofa,Tonga,"$2,862"
754,755,Coventry,United Kingdom,"$4,261"
755,756,Gujranwala,Pakistan,"$1,492"
756,757,Yinchuan,China,"$1,553"
757,758,Bocas del Toro,Panama,"$2,823"
758,759,Nicosia,Cyprus,"$3,555"
759,760,"St. George, UT",United States,"$4,019"
760,761,Niamey,Niger,"$2,017"
761,762,Jundiaí,Brazil,"$1,838"
762,763,"Port St. Lucie, FL",United States,"$4,284"
763,764,Banjul,Gambia,"$1,388"
764,765,"Bend, OR",United States,"$4,080"
765,766,"Mobile, AL",United States,"$3,998"
766,767,"Lexington, KY",United States,"$3,831"
767,768,Lome,Togo,"$1,093"
768,769,Cork,Ireland,"$4,658"
769,770,Palermo,Italy,"$4,587"
770,771,Nanyang,China,"$1,246"
771,772,Vienna,Austria,"$5,017"
772,773,Thessaloniki,Greece,"$4,167"
773,774,Maracay,Venezuela,"$1,760"
774,775,"Auburn, AL",United States,"$4,132"
775,776,"Wilmington, NC",United States,"$4,158"
776,777,Shaoxing,China,"$1,686"
777,778,Handan,China,"$1,533"
778,779,"Merced, CA",United States,"$3,908"
779,780,Fuzhou,China,"$2,295"
780,781,Xining,China,"$1,514"
781,782,Toulouse,France,"$3,250"
782,783,"Columbia, MO",United States,"$3,845"
783,784,Rawalpindi,Pakistan,"$1,164"
784,785,"Phoenix, AZ",United States,"$4,439"
785,786,"Manchester, NH",United States,"$4,212"
786,787,Guelph,Canada,"$4,180"
787,788,Mendoza,Argentina,"$2,575"
788,789,Lanzhou,China,"$1,880"
789,790,"Medford, OR",United States,"$3,997"
790,791,Ningbo,China,"$1,974"
791,792,Dhaka,Bangladesh,"$1,693"
792,793,Espoo,Finland,"$4,299"
793,794,"Bellingham, WA",United States,"$4,187"
794,795,Essaouira,Morocco,"$1,720"
795,796,"Milwaukee, WI",United States,"$4,256"
796,797,Oran,Algeria,"$1,809"
797,798,Ushuaia,Argentina,"$2,889"
798,799,"Warner Robins, GA",United States,"$3,987"
799,800,Caye Caulker,Belize,"$3,784"
800,801,Karachi,Pakistan,"$1,271"
801,802,Harbin,China,"$1,749"
802,803,Sharjah,United Arab Emirates,"$3,374"
803,804,Qiqihar,China,"$1,715"
804,805,Anápolis,Brazil,"$1,972"
805,806,Zunyi,China,"$1,440"
806,807,Bhopal,India,"$2,327"
807,808,Linyi,China,"$1,108"
808,809,Vitória,Brazil,"$1,968"
809,810,Duhok,Kurdistan,"$2,584"
810,811,"Allentown, PA",United States,"$4,027"
811,812,Zibo,China,"$1,580"
812,813,Baoding,China,"$1,262"
813,814,Yangshuo,China,"$1,965"
814,815,"Stockton, CA",United States,"$3,940"
815,816,"Lynchburg, VA",United States,"$4,081"
816,817,"Kearney, NE",United States,"$3,883"
817,818,Taiyuan,China,"$1,296"
818,819,Glasgow,United Kingdom,"$4,853"
819,820,Venice,Italy,"$6,844"
820,821,Dili,East Timor,"$2,055"
821,822,Thiruvananthapuram,India,"$2,943"
822,823,Ghent,Belgium,"$3,928"
823,824,Islamabad,Pakistan,"$1,729"
824,825,Abidjan,Cote d'Ivoire,"$2,139"
825,826,Puerto Vallarta,Mexico,"$3,664"
826,827,Kunshan,China,"$2,200"
827,828,Sorocaba,Brazil,"$2,016"
828,829,Nashik,India,"$2,835"
829,830,"Cody, WY",United States,"$3,995"
830,831,Wuhu,China,"$1,508"
831,832,Rennes,France,"$3,511"
832,833,"Normal, IL",United States,"$3,954"
833,834,Urumqi,China,"$1,705"
834,835,The Hague,Netherlands,"$5,024"
835,836,Putian,China,"$1,985"
836,837,Maseru,Lesotho,"$1,591"
837,838,Praia,Cape Verde,"$2,539"
838,839,Lusaka,Zambia,"$2,064"
839,840,"Schenectady, NY",United States,"$4,111"
840,841,Juarez,Mexico,"$1,787"
841,842,Bristol,United Kingdom,"$5,194"
842,843,"Hemet, CA",United States,"$4,241"
843,844,Douala,Cameroon,"$1,614"
844,845,"Enterprise, NV",United States,"$4,179"
845,846,Campo Grande,Brazil,"$2,081"
846,847,Marbella,Spain,"$4,122"
847,848,Xiangtan,China,"$1,520"
848,849,Leeuwarden,Netherlands,"$4,055"
849,850,"Bloomington, IL",United States,"$4,103"
850,851,Pyongyang,North Korea,"$2,039"
851,852,Shenyang,China,"$1,766"
852,853,"Nashua, NH",United States,"$4,186"
853,854,"Spokane, WA",United States,"$4,122"
854,855,"Fairfield, CA",United States,"$3,997"
855,856,"Tallahassee, FL",United States,"$4,158"
856,857,Dunedin,New Zealand,"$6,972"
857,858,Sihanoukville,Cambodia,"$1,635"
858,859,Pamplona,Spain,"$3,515"
859,860,Mamaia,Romania,"$3,586"
860,861,Breda,Netherlands,"$4,306"
861,862,Dushanbe,Tajikistan,"$1,115"
862,863,"Manhattan, KS",United States,"$4,035"
863,864,Kotor,Montenegro,"$3,305"
864,865,"Champaign, IL",United States,"$4,056"
865,866,Qinhuangdao,China,"$1,776"
866,867,"Beacon, NY",United States,"$4,266"
867,868,Kinmen,Taiwan,"$2,820"
868,869,Hagatna,Guam,"$4,011"
869,870,"Greenville, SC",United States,"$4,036"
870,871,Sendai,Japan,"$2,644"
871,872,Dortmund,Germany,"$4,146"
872,873,"Sioux City, IA",United States,"$4,135"
873,874,Mbuji-Mayi,DR Congo,"$1,916"
874,875,"Greeley, CO",United States,"$4,171"
875,876,Sialkot,Pakistan,"$1,672"
876,877,Wonsan,North Korea,"$1,821"
877,878,São José dos Campos,Brazil,"$2,126"
878,879,"Logan, UT",United States,"$4,093"
879,880,Conakry,Guinea,"$1,643"
880,881,Huddersfield,United Kingdom,"$4,461"
881,882,"Orlando, FL",United States,"$4,863"
882,883,San Juan,Puerto Rico,"$4,581"
883,884,"Weston, FL",United States,"$4,466"
884,885,Datong,China,"$2,292"
885,886,Kelowna,Canada,"$5,551"
886,887,Ko Phi Phi,Thailand,"$2,567"
887,888,"Sparks, NV",United States,"$4,219"
888,889,"Harrisonburg, VA",United States,"$4,223"
889,890,Huambo,Angola,"$1,628"
890,891,"Princeton, NJ",United States,"$4,506"
891,892,Southampton,United Kingdom,"$4,768"
892,893,Adelaide,Australia,"$5,488"
893,894,"Hartford, CT",United States,"$4,231"
894,895,"Tracy, CA",United States,"$4,186"
895,896,Nantong,China,"$2,319"
896,897,Brampton,Canada,"$4,689"
897,898,Salvador,Brazil,"$2,392"
898,899,"Riverside, CA",United States,"$4,509"
899,900,Nice,France,"$4,108"
900,901,"Marysville, WA",United States,"$4,172"
901,902,Peshawar,Pakistan,"$1,076"
902,903,"Canton, OH",United States,"$4,151"
903,904,Zhuzhou,China,"$1,674"
904,905,Nantes,France,"$3,400"
905,906,Kingston,Jamaica,"$3,779"
906,907,"Vineland, NJ",United States,"$4,061"
907,908,Leeds,United Kingdom,"$5,136"
908,909,Tegucigalpa,Honduras,"$1,828"
909,910,Onitsha,Nigeria,"$2,121"
910,911,Bielefeld,Germany,"$3,968"
911,912,Nagoya,Japan,"$3,132"
912,913,Manama,Bahrain,"$3,758"
913,914,Kassel,Germany,"$3,687"
914,915,"Sandpoint, ID",United States,"$4,230"
915,916,Dalian,China,"$2,052"
916,917,Joao Pessoa,Brazil,"$2,062"
917,918,"Flagstaff, AZ",United States,"$4,504"
918,919,"Bradenton, FL",United States,"$4,416"
919,920,Montevideo,Uruguay,"$3,185"
920,921,Kirkuk,Kurdistan,"$1,849"
921,922,"Hilo, Hawaii",United States,"$5,623"
922,923,Port-au-Prince,Haiti,"$2,127"
923,924,"Kauai, Hawaii",United States,"$8,522"
924,925,Hvar,Croatia,"$3,168"
925,926,Qingdao,China,"$2,009"
926,927,Fushun,China,"$2,516"
927,928,"Ithaca, NY",United States,"$4,443"
928,929,Paris,France,"$5,424"
929,930,Ottawa,Canada,"$5,196"
930,931,"New Haven, CT",United States,"$4,656"
931,932,Xuzhou,China,"$1,101"
932,933,"Grand Island, NE",United States,"$4,199"
933,934,Galway,Ireland,"$6,321"
934,935,"Missoula, MT",United States,"$4,216"
935,936,Nanjing,China,"$2,345"
936,937,Santa Marta,Colombia,"$1,889"
937,938,Gaborone,Botswana,"$2,947"
938,939,Tehran,Iran,"$2,913"
939,940,Hof,Germany,"$3,997"
940,941,Brussels,Belgium,"$5,361"
941,942,"Manteca, CA",United States,"$4,339"
942,943,Dhanbad,India,"$2,941"
943,944,Valparaíso,Chile,"$2,970"
944,945,Kunming,China,"$2,347"
945,946,Tebessa,Algeria,"$1,946"
946,947,"Melbourne, FL",United States,"$4,671"
947,948,Torreon,Mexico,"$2,314"
948,949,Quetta,Pakistan,"$1,471"
949,950,Puerto Viejo,Costa Rica,"$3,388"
950,951,Rhodes,Greece,"$3,915"
951,952,York,United Kingdom,"$4,782"
952,953,"Dayton, OH",United States,"$4,420"
953,954,Norwich,United Kingdom,"$4,820"
954,955,"Key West, FL",United States,"$8,186"
955,956,Fort McMurray,Canada,"$4,348"
956,957,"Fort Lauderdale, FL",United States,"$5,491"
957,958,"Daytona Beach, FL",United States,"$4,554"
958,959,Tabriz,Iran,"$1,338"
959,960,Hobart,Australia,"$5,420"
960,961,Chengdu,China,"$3,515"
961,962,Wollongong,Australia,"$5,155"
962,963,Yamoussoukro,Cote d'Ivoire,"$2,390"
963,964,Tianjin,China,"$2,174"
964,965,"Philadelphia, PA",United States,"$5,157"
965,966,Oxford,United Kingdom,"$5,591"
966,967,Bern,Switzerland,"$6,575"
967,968,"Redding, CA",United States,"$4,283"
968,969,Mexicali,Mexico,"$2,454"
969,970,Eindhoven,Netherlands,"$5,617"
970,971,Mashhad,Iran,"$1,872"
971,972,"Worcester, MA",United States,"$4,356"
972,973,Šumperk,Czechia,"$4,203"
973,974,Qom,Iran,"$1,989"
974,975,Revelstoke,Canada,"$4,288"
975,976,Halifax,Canada,"$4,685"
976,977,Kananga,DR Congo,"$1,823"
977,978,Oranjestad,Aruba,"$7,652"
978,979,Ko Lipe,Thailand,"$2,575"
979,980,Hull,United Kingdom,"$4,802"
980,981,"Duluth, MN",United States,"$4,446"
981,982,Aarhus,Denmark,"$4,862"
982,983,Zhucheng,China,"$1,904"
983,984,Canberra,Australia,"$6,943"
984,985,"Richland, WA",United States,"$4,534"
985,986,Ulaanbaatar,Mongolia,"$1,959"
986,987,Wuhan,China,"$2,085"
987,988,San Ignacio,Belize,"$2,996"
988,989,Bar,Montenegro,"$3,048"
989,990,"Bellevue, NE",United States,"$4,433"
990,991,"Frederick, MD",United States,"$4,334"
991,992,Sulaymaniyah,Kurdistan,"$2,560"
992,993,"Coeur d'Alene, ID",United States,"$4,561"
993,994,"Baltimore, MD",United States,"$4,585"
994,995,Sayulita,Mexico,"$3,230"
995,996,Larnaca,Cyprus,"$4,249"
996,997,Byron Bay,Australia,"$5,573"
997,998,Arnhem,Netherlands,"$4,308"
998,999,"West Palm Beach, FL",United States,"$5,506"
999,1000,"Palo Alto, CA",United States,"$5,743"
1000,1001,Darwin,Australia,"$5,797"
1001,1002,Tanchon,North Korea,"$1,659"
1002,1003,Beersheba,Israel,"$4,088"
1003,1004,Copan,Honduras,"$2,260"
1004,1005,Comporta,Portugal,"$5,984"
1005,1006,Cairns,Australia,"$4,883"
1006,1007,Florence,Italy,"$5,648"
1007,1008,"Sacramento, CA",United States,"$5,481"
1008,1009,Wanaka,New Zealand,"$8,918"
1009,1010,Antwerp,Belgium,"$4,772"
1010,1011,Port of Spain,Trinidad and Tobago,"$3,410"
1011,1012,"Detroit, MI",United States,"$4,679"
1012,1013,"Oshkosh, WI",United States,"$4,610"
1013,1014,Cardiff,United Kingdom,"$6,622"
1014,1015,Zhangjiakou,China,"$1,889"
1015,1016,Lilongwe,Malawi,"$2,618"
1016,1017,"Mountain View, CA",United States,"$5,946"
1017,1018,"Santa Barbara, CA",United States,"$5,941"
1018,1019,Xiamen,China,"$2,517"
1019,1020,Cambridge,United Kingdom,"$6,980"
1020,1021,Sheffield,United Kingdom,"$5,837"
1021,1022,"San Jose, CA",United States,"$5,014"
1022,1023,"Memphis, TN",United States,"$4,490"
1023,1024,Strasbourg,France,"$4,008"
1024,1025,Grenoble,France,"$3,942"
1025,1026,Rome,Italy,"$5,112"
1026,1027,Dammam,Saudi Arabia,"$2,185"
1027,1028,Scheveningen,Netherlands,"$5,864"
1028,1029,"Newport Beach, CA",United States,"$5,922"
1029,1030,"Ogden, UT",United States,"$4,647"
1030,1031,Bruges,Belgium,"$4,373"
1031,1032,Laayoune,Western Sahara,"$1,776"
1032,1033,"Charleston, SC",United States,"$6,151"
1033,1034,Macau,China,"$3,953"
1034,1035,Tromso,Norway,"$6,646"
1035,1036,"Pasco, WA",United States,"$4,549"
1036,1037,Funafuti,Tuvalu,"$3,012"
1037,1038,Sliema,Malta,"$4,895"
1038,1039,Montanita,Ecuador,"$2,839"
1039,1040,Faisalabad,Pakistan,"$2,293"
1040,1041,"Portland, ME",United States,"$5,124"
1041,1042,Kaechon,North Korea,"$1,624"
1042,1043,Kitakyushu,Japan,"$3,241"
1043,1044,Belize City,Belize,"$3,208"
1044,1045,Abu Dhabi,United Arab Emirates,"$4,721"
1045,1046,Zandvoort,Netherlands,"$5,679"
1046,1047,San Pedro Sula,Honduras,"$2,106"
1047,1048,Zwolle,Netherlands,"$4,768"
1048,1049,Nouakchott,Mauritania,"$1,928"
1049,1050,Cavtat,Croatia,"$3,885"
1050,1051,Kuwait City,Kuwait,"$3,309"
1051,1052,Ube,Japan,"$3,134"
1052,1053,Trondheim,Norway,"$5,304"
1053,1054,Milan,Italy,"$6,223"
1054,1055,Marseille,France,"$3,732"
1055,1056,"Petaluma, CA",United States,"$4,662"
1056,1057,Kaesong,North Korea,"$1,998"
1057,1058,Freetown,Sierra Leone,"$2,486"
1058,1059,"Lake Tahoe, CA",United States,"$6,881"
1059,1060,Cheltenham,United Kingdom,"$6,473"
1060,1061,Okayama,Japan,"$3,101"
1061,1062,"Monterey, CA",United States,"$5,663"
1062,1063,Muscat,Oman,"$3,048"
1063,1064,"Fort Myers, FL",United States,"$6,441"
1064,1065,"Midland, TX",United States,"$4,844"
1065,1066,Monaco,Monaco,"$7,921"
1066,1067,Port Vila,Vanuatu,"$3,297"
1067,1068,Reading,United Kingdom,"$5,085"
1068,1069,Lelystad,Netherlands,"$4,600"
1069,1070,Leuven,Belgium,"$4,269"
1070,1071,"Okinawa City, Okinawa",Japan,"$4,721"
1071,1072,Itapema,Brazil,"$2,746"
1072,1073,Haarlem,Netherlands,"$5,644"
1073,1074,"Stamford, CT",United States,"$5,549"
1074,1075,"Park City, UT",United States,"$6,066"
1075,1076,Whistler,Canada,"$6,984"
1076,1077,"Menlo Park, CA",United States,"$6,360"
1077,1078,Edmonton,Canada,"$5,065"
1078,1079,"San Mateo, CA",United States,"$5,018"
1079,1080,George Town,Cayman Islands,"$4,733"
1080,1081,Texel,Netherlands,"$5,485"
1081,1082,Gibraltar,Gibraltar,"$5,792"
1082,1083,Bursa,Turkey,"$3,131"
1083,1084,"Galveston, TX",United States,"$6,605"
1084,1085,Luanda,Angola,"$3,080"
1085,1086,Pisa,Italy,"$4,441"
1086,1087,"Cape Coral, FL",United States,"$5,316"
1087,1088,"Lake Havasu City, AZ",United States,"$5,456"
1088,1089,Sinuiju,North Korea,"$1,881"
1089,1090,Dededo,Guam,"$4,661"
1090,1091,Bordeaux,France,"$4,598"
1091,1092,"Savannah, GA",United States,"$4,999"
1092,1093,"Santa Fe, NM",United States,"$4,508"
1093,1094,Bergen,Norway,"$5,464"
1094,1095,Manaus,Brazil,"$2,628"
1095,1096,Caracas,Venezuela,"$2,199"
1096,1097,Chifeng,China,"$2,656"
1097,1098,"Lanzarote, Canary Islands",Spain,"$4,094"
1098,1099,Iquique,Chile,"$3,403"
1099,1100,"Fairfax, VA",United States,"$4,941"
1100,1101,"Lake Charles, LA",United States,"$4,871"
1101,1102,Doha,Qatar,"$7,764"
1102,1103,Alesund,Norway,"$4,661"
1103,1104,Deventer,Netherlands,"$4,665"
1104,1105,"Elgin, IL",United States,"$5,068"
1105,1106,Cannes,France,"$6,923"
1106,1107,Chamonix,France,"$5,935"
1107,1108,Kobe,Japan,"$3,769"
1108,1109,Osaka,Japan,"$4,797"
1109,1110,Tulum,Mexico,"$4,811"
1110,1111,Yaounde,Cameroon,"$2,147"
1111,1112,Nagasaki,Japan,"$3,541"
1112,1113,Tilburg,Netherlands,"$5,594"
1113,1114,"Bonita Springs, FL",United States,"$6,073"
1114,1115,"Carlsbad, CA",United States,"$5,383"
1115,1116,"Plantation, FL",United States,"$7,602"
1116,1117,Shrewsbury,United Kingdom,"$6,992"
1117,1118,"Fort Collins, CO",United States,"$5,445"
1118,1119,"Oceanside, CA",United States,"$5,292"
1119,1120,Annecy,France,"$4,018"
1120,1121,"Santa Maria, CA",United States,"$4,890"
1121,1122,Lugano,Switzerland,"$7,735"
1122,1123,"Green Bay, WI",United States,"$5,761"
1123,1124,"Indio, CA",United States,"$6,518"
1124,1125,Shenzhen,China,"$3,287"
1125,1126,"Sarasota, FL",United States,"$5,587"
1126,1127,"Port Orange, FL",United States,"$5,679"
1127,1128,Ibiza,Spain,"$6,898"
1128,1129,"Henderson, NV",United States,"$4,790"
1129,1130,"Santa Rosa, CA",United States,"$4,928"
1130,1131,Waterloo,Canada,"$8,253"
1131,1132,"Tuscaloosa, AL",United States,"$5,425"
1132,1133,Kamiyama,Japan,"$3,261"
1133,1134,"Salem, MA",United States,"$4,847"
1134,1135,Accra,Ghana,"$3,126"
1135,1136,Haifa,Israel,"$4,871"
1136,1137,Road Town,British Virgin Islands,"$6,350"
1137,1138,"Winston, NC",United States,"$4,855"
1138,1139,Hefei,China,"$2,888"
1139,1140,Kralendijk,Caribbean Netherlands,"$4,059"
1140,1141,Bologna,Italy,"$4,675"
1141,1142,"Vista, CA",United States,"$5,526"
1142,1143,Zhuhai,China,"$2,708"
1143,1144,"Temecula, CA",United States,"$5,337"
1144,1145,Guilin,China,"$2,393"
1145,1146,Antofagasta,Chile,"$3,492"
1146,1147,Saint Helier,Jersey,"$6,724"
1147,1148,Honiara,Solomon Islands,"$3,577"
1148,1149,"San Clemente, CA",United States,"$5,131"
1149,1150,"Brentwood, CA",United States,"$5,178"
1150,1151,"Palm Desert, CA",United States,"$8,747"
1151,1152,"Kennewick, WA",United States,"$5,495"
1152,1153,Rethymno,Greece,"$4,449"
1153,1154,Shiraz,Iran,"$2,455"
1154,1155,"San Angelo, TX",United States,"$5,040"
1155,1156,"Centennial, CO",United States,"$4,850"
1156,1157,Kyoto,Japan,"$4,285"
1157,1158,Santa Teresa,Costa Rica,"$5,477"
1158,1159,Naples,Italy,"$5,143"
1159,1160,Isfahan,Iran,"$2,432"
1160,1161,Salzburg,Austria,"$4,769"
1161,1162,Heidelberg,Germany,"$4,519"
1162,1163,"Cathedral City, CA",United States,"$7,137"
1163,1164,Jamestown,Saint Helena,"$6,630"
1164,1165,Banff,Canada,"$6,340"
1165,1166,Wenzhou,China,"$2,541"
1166,1167,Lausanne,Switzerland,"$6,084"
1167,1168,Avignon,France,"$4,114"
1168,1169,Zhangzhou,China,"$2,937"
1169,1170,"Beaverton, OR",United States,"$5,063"
1170,1171,Tsushima Island,Japan,"$3,779"
1171,1172,"Verdi, NV",United States,"$5,130"
1172,1173,"Murrieta, CA",United States,"$5,255"
1173,1174,"Incline Village, NV",United States,"$9,762"
1174,1175,Trieste,Italy,"$4,569"
1175,1176,Genoa,Italy,"$4,668"
1176,1177,Montego Bay,Jamaica,"$5,620"
1177,1178,Avarua,Cook Islands,"$4,122"
1178,1179,Almere,Netherlands,"$6,376"
1179,1180,Viña del Mar,Chile,"$3,684"
1180,1181,Trento,Italy,"$4,528"
1181,1182,"Bozeman, MT",United States,"$5,280"
1182,1183,"Taos, NM",United States,"$5,259"
1183,1184,Hamhung,North Korea,"$2,253"
1184,1185,Rui'an,China,"$2,676"
1185,1186,Basel,Switzerland,"$6,084"
1186,1187,Erbil,Kurdistan,"$3,336"
1187,1188,San Sebastian,Spain,"$5,636"
1188,1189,Cabo San Lucas,Mexico,"$3,674"
1189,1190,Anshan,China,"$2,607"
1190,1191,Puning,China,"$2,812"
1191,1192,Arendal,Norway,"$7,035"
1192,1193,Dijon,France,"$4,401"
1193,1194,Amundsen-Scott,Antarctica,"$12,328"
1194,1195,"Napa, CA",United States,"$6,191"
1195,1196,Biarritz,France,"$4,249"
1196,1197,Darmstadt,Germany,"$4,664"
1197,1198,McMurdo Station,Antarctica,"$13,202"
1198,1199,Jeddah,Saudi Arabia,"$3,028"
1199,1200,Kagoshima,Japan,"$3,780"
1200,1201,Luxembourg,Luxembourg,"$5,722"
1201,1202,Innsbruck,Austria,"$5,613"
1202,1203,Hamilton,Bermuda,"$10,572"
1203,1204,Yokohama,Japan,"$3,962"
1204,1205,Bilbao,Spain,"$4,385"
1205,1206,Chongjin,North Korea,"$2,264"
1206,1207,Stanley,Falkland Islands,"$5,839"
1207,1208,Padova,Italy,"$4,899"
1208,1209,Santorini,Greece,"$5,005"
1209,1210,Jarabacoa,Dominican Republic,"$3,632"
1210,1211,Baotou,China,"$3,241"
1211,1212,Mykonos,Greece,"$6,443"
1212,1213,Rovaniemi,Finland,"$8,311"
1213,1214,"Torshavn, Faroe Islands",Denmark,"$5,203"
1214,1215,Cagliari,Italy,"$4,444"
1215,1216,Dusseldorf,Germany,"$4,895"
1216,1217,Mecca,Saudi Arabia,"$3,248"
1217,1218,Foshan,China,"$3,092"
1218,1219,Charlotte Amalie,United States Virgin Islands,"$7,562"
1219,1220,Modena,Italy,"$5,319"
1220,1221,Interlaken,Switzerland,"$7,663"
1221,1222,Yangzhou,China,"$2,816"
1222,1223,Riyadh,Saudi Arabia,"$3,263"
1223,1224,Yiwu,China,"$3,019"
1224,1225,Brighton,United Kingdom,"$6,117"
1225,1226,Gold Coast,Australia,"$5,973"
1226,1227,Monza,Italy,"$4,473"
1227,1228,Suzhou,China,"$3,333"
1228,1229,Belfast,United Kingdom,"$4,705"
1229,1230,Zhangjiagang,China,"$3,070"
1230,1231,Tarifa,Spain,"$5,022"
1231,1232,Sariwon,North Korea,"$2,671"
1232,1233,Treviso,Italy,"$4,723"
1233,1234,Nassau,The Bahamas,"$6,621"
1234,1235,Nampo,North Korea,"$2,706"
1235,1236,Jerusalem,Israel,"$5,074"
1236,1237,Ashgabat,Turkmenistan,"$4,667"
1237,1238,Medina,Saudi Arabia,"$3,533"
1238,1239,Male,Maldives,"$4,793"
1239,1240,Changsha,China,"$3,454"
1240,1241,St. Gallen,Switzerland,"$6,923"
1241,1242,Trier,Germany,"$5,096"
1242,1243,Ferrara,Italy,"$4,737"
1243,1244,Rouen,France,"$4,743"
1244,1245,Hiroshima,Japan,"$4,348"
1245,1246,Avellino,Italy,"$4,083"
1246,1247,Huzhou,China,"$3,852"
1247,1248,Bay Islands,Honduras,"$3,481"
1248,1249,Philipsburg,Sint Maarten,"$6,240"
1249,1250,Verona,Italy,"$5,262"
1250,1251,Rimini,Italy,"$6,317"
1251,1252,Libreville,Gabon,"$3,346"
1252,1253,Weihai,China,"$3,369"
1253,1254,Amalfi,Italy,"$5,483"
1254,1255,Wuxi,China,"$3,366"
1255,1256,Bari,Italy,"$6,306"
1256,1257,Kinshasa,DR Congo,"$3,408"
1257,1258,Xiangyang,China,"$3,361"
1258,1259,Lucca,Italy,"$5,047"
1259,1260,King Edward Point,South Georgia and the South Sandwich Islands,"$10,918"
1260,1261,Bridgetown,Barbados,"$6,137"
1261,1262,Mancora,Peru,"$3,956"
1262,1263,Ahvaz,Iran,"$3,236"
1263,1264,Tengzhou,China,"$3,364"
1264,1265,Vatican City,Vatican City,"$5,566"
1265,1266,Port Moresby,Papua New Guinea,"$3,877"
1266,1267,Victoria,Seychelles,"$5,088"
1267,1268,Basse-Terre,Guadeloupe,"$3,649"
1268,1269,Cayenne,French Guiana,"$3,519"
1269,1270,Cabarete,Dominican Republic,"$4,558"
1270,1271,St John's,Antigua and Barbuda,"$5,315"
1271,1272,Tamarindo,Costa Rica,"$4,932"
1272,1273,"Ajaccio, Corsica",France,"$5,057"
1273,1274,Dorobō,Japan,"$4,083"
1274,1275,Siena,Italy,"$5,834"
1275,1276,Nuuk,Greenland,"$5,034"
1276,1277,Sapporo,Japan,"$5,707"
1277,1278,Hamamatsu,Japan,"$6,205"
1278,1279,San Pedro,Belize,"$4,654"
1279,1280,Isla Mujeres,Mexico,"$7,032"
1280,1281,San Pedro de Atacama,Chile,"$5,001"
1281,1282,"Nago, Okinawa",Japan,"$4,752"
1282,1283,Turin,Italy,"$5,539"
1283,1284,Andorra la Vella,Andorra,"$5,754"
1284,1285,Martinique,Martinique,"$6,411"
1285,1286,Punta del Este,Uruguay,"$5,240"
1286,1287,Punta Cana,Dominican Republic,"$5,111"
1287,1288,Monrovia,Liberia,"$4,512"
1288,1289,Chongqing,China,"$4,400"
1289,1290,Exeter,United Kingdom,"$5,356"
1290,1291,Djibouti,Djibouti,"$4,427"
1291,1292,Nouméa,New Caledonia,"$5,825"
1292,1293,Tabaranã do Norte,Brazil,"$5,395"
1293,1294,N'Djamena,Chad,"$5,523"
1294,1295,Obninsk,Russia,"$2,019"
1295,1296,Tripoli,Libya,"$1,925"
1296,1297,Novocherkassk,Russia,"$2,156"
1297,1298,Juba,South Sudan,"$2,649"
1298,1299,Ivano-Frankivsk,Ukraine,"$1,039"
1299,1300,Sochi,Russia,"$2,859"
1300,1301,Kaliningrad,Russia,"$2,789"
1301,1302,Tomsk,Russia,"$2,117"
1302,1303,Vladivostok,Russia,"$2,686"
1303,1304,Ulyanovsk,Russia,"$1,920"
1304,1305,Izhevsk,Russia,"$2,166"
1305,1306,Benghazi,Libya,"$3,314"
1306,1307,Krivoy-Rog,Ukraine,"$1,393"
1307,1308,Khartoum,Sudan,$928
1308,1309,Mosul,Iraq,"$1,776"
1309,1310,Lviv,Ukraine,"$1,692"
1310,1311,Bangui,Central African Republic,"$1,524"
1311,1312,Krasnodar,Russia,"$1,927"
1312,1313,Homs,Syria,"$2,279"
1313,1314,Asmara,Eritrea,"$1,972"
1314,1315,Saratov,Russia,"$2,249"
1315,1316,Hama,Syria,"$2,229"
1316,1317,Naypyidaw,Myanmar,"$1,221"
1317,1318,Dnipro,Ukraine,"$1,277"
1318,1319,Odessa,Ukraine,"$1,333"
1319,1320,Krasnoyarsk,Russia,"$2,333"
1320,1321,Volgograd,Russia,"$3,849"
1321,1322,Ufa,Russia,"$2,176"
1322,1323,Rostov-on-Don,Russia,"$1,940"
1323,1324,Chelyabinsk,Russia,"$2,104"
1324,1325,Omsk,Russia,"$1,694"
1325,1326,Kazan,Russia,"$3,383"
1326,1327,Samara,Russia,"$2,693"
1327,1328,Maputo,Mozambique,"$2,211"
1328,1329,Mandalay,Myanmar,"$1,620"
1329,1330,Nizhny,Russia,"$3,574"
1330,1331,Mogadishu,Somalia,"$2,533"
1331,1332,Kharkiv,Ukraine,"$1,186"
1332,1333,Yekaterinburg,Russia,"$2,386"
1333,1334,Novosibirsk,Russia,"$2,138"
1334,1335,Sana'a,Yemen,"$1,544"
1335,1336,Damascus,Syria,"$3,751"
1336,1337,Minsk,Belarus,"$1,537"
1337,1338,Aleppo,Syria,"$1,905"
1338,1339,Basra,Iraq,"$2,416"
1339,1340,Addis Ababa,Ethiopia,"$1,662"
1340,1341,Kyiv,Ukraine,"$1,198"
1341,1342,Kabul,Afghanistan,"$1,837"
1342,1343,Bamako,Mali,"$2,158"
1343,1344,Dar es Salaam,Tanzania,"$1,744"
1344,1345,Saint Petersburg,Russia,"$2,370"
1345,1346,Yangon,Myanmar,"$1,359"
1346,1347,Baghdad,Iraq,"$1,909"
1347,1348,Moscow,Russia,"$3,023"
